From_NL,EPEX_EurMWh,Imbalance_Short_EurMWh,Imbalance_Long_EurMWh
10/12/2023 12:15,66.38,-34.55,-34.55
10/12/2023 12:30,66.38,-34.56,-34.56
10/12/2023 12:45,66.38,150.94,-227.94
10/12/2023 13:00,64.73,102.99,-186.46
10/12/2023 13:15,64.73,71.86,71.86
10/12/2023 13:30,64.73,71.86,71.86
10/12/2023 13:45,64.73,71.86,71.86
10/12/2023 14:00,68.98,71.78,71.78
10/12/2023 14:15,68.98,103.09,103.09
10/12/2023 14:30,68.98,117.46,117.46
10/12/2023 14:45,68.98,115.09,115.09
10/12/2023 15:00,75.84,82.23,82.23
10/12/2023 15:15,75.84,83.23,83.23
10/12/2023 15:30,75.84,83.23,83.23
10/12/2023 15:45,75.84,25.7,25.7
10/12/2023 16:00,80.3,-98.03,-98.03
10/12/2023 16:15,80.3,80.94,-205.09
10/12/2023 16:30,80.3,80.94,-100
10/12/2023 16:45,80.3,-100,-100
10/12/2023 17:00,80.3,-70.71,-70.71
10/12/2023 17:15,80.3,80.94,-96.03
10/12/2023 17:30,80.3,80.94,-24.81
10/12/2023 17:45,80.3,58.92,58.92
10/12/2023 18:00,85.42,102.73,68.76
10/12/2023 18:15,85.42,101.77,101.77
10/12/2023 18:30,85.42,110.23,110.23
10/12/2023 18:45,85.42,172.41,172.41
10/12/2023 19:00,80.76,168.3,168.3
10/12/2023 19:15,80.76,112.24,112.24
10/12/2023 19:30,80.76,98.85,98.85
10/12/2023 19:45,80.76,80.94,80.94
10/12/2023 20:00,78.05,66.62,66.62
10/12/2023 20:15,78.05,66.62,66.62
10/12/2023 20:30,78.05,-5.59,-5.59
10/12/2023 20:45,78.05,-15.69,-15.69
10/12/2023 21:00,77.06,21.21,21.21
10/12/2023 21:15,77.06,-25.82,-25.82
10/12/2023 21:30,77.06,-34.11,-34.11
10/12/2023 21:45,77.06,-15.69,-15.69
10/12/2023 22:00,77.47,-7.73,-7.73
10/12/2023 22:15,77.47,81.23,81.23
10/12/2023 22:30,77.47,74.23,74.23
10/12/2023 22:45,77.47,-5.59,-5.59
10/12/2023 23:00,67.15,-43.15,-43.15
10/12/2023 23:15,67.15,-149.86,-149.86
10/12/2023 23:30,67.15,-52.71,-52.71
10/12/2023 23:45,67.15,-163.55,-163.55
11/12/2023 00:00,34.55,107.91,-52.26
11/12/2023 00:15,34.55,-13.57,-13.57
11/12/2023 00:30,34.55,-7.91,-7.91
11/12/2023 00:45,34.55,-22.68,-22.68
11/12/2023 01:00,15.74,-14.59,-14.59
11/12/2023 01:15,15.74,-8.55,-8.55
11/12/2023 01:30,15.74,-13.56,-13.56
11/12/2023 01:45,15.74,-25.85,-25.85
11/12/2023 02:00,13,67.91,-14.59
11/12/2023 02:15,13,-24.4,-24.4
11/12/2023 02:30,13,-13.58,-13.58
11/12/2023 02:45,13,-15.05,-15.05
11/12/2023 03:00,8.9,-5.25,-5.25
11/12/2023 03:15,8.9,-39.91,-39.91
11/12/2023 03:30,8.9,-47.4,-47.4
11/12/2023 03:45,8.9,-5.25,-5.25
11/12/2023 04:00,11.99,-14.59,-14.59
11/12/2023 04:15,11.99,-8.55,-8.55
11/12/2023 04:30,11.99,-33.3,-33.3
11/12/2023 04:45,11.99,50.59,50.59
11/12/2023 05:00,35.79,-13.59,-13.59
11/12/2023 05:15,35.79,-15.04,-15.04
11/12/2023 05:30,35.79,-15.06,-15.06
11/12/2023 05:45,35.79,-20.23,-20.23
11/12/2023 06:00,74.29,-100,-100
11/12/2023 06:15,74.29,-15.84,-15.84
11/12/2023 06:30,74.29,73.78,73.78
11/12/2023 06:45,74.29,104.91,104.91
11/12/2023 07:00,92.74,43.78,43.78
11/12/2023 07:15,92.74,97.91,97.91
11/12/2023 07:30,92.74,114.91,114.91
11/12/2023 07:45,92.74,102.91,102.91
11/12/2023 08:00,98.65,67.93,67.93
11/12/2023 08:15,98.65,87.89,87.89
11/12/2023 08:30,98.65,68.19,68.19
11/12/2023 08:45,98.65,67.59,67.59
11/12/2023 09:00,98.37,65.59,65.59
11/12/2023 09:15,98.37,65.59,65.59
11/12/2023 09:30,98.37,54.48,54.48
11/12/2023 09:45,98.37,72.8,72.8
11/12/2023 10:00,93.29,114.91,69.04
11/12/2023 10:15,93.29,90.38,90.38
11/12/2023 10:30,93.29,97.91,97.91
11/12/2023 10:45,93.29,70.04,70.04
11/12/2023 11:00,90.98,69.92,69.92
11/12/2023 11:15,90.98,69.93,69.93
11/12/2023 11:30,90.98,62.91,62.91
11/12/2023 11:45,90.98,69.93,69.93
11/12/2023 12:00,85.97,97.51,97.51
11/12/2023 12:15,85.97,97.51,97.51
11/12/2023 12:30,85.97,68.19,68.19
11/12/2023 12:45,85.97,62.91,62.91
11/12/2023 13:00,84.48,55.38,55.38
11/12/2023 13:15,84.48,71.35,71.35
11/12/2023 13:30,84.48,75.32,75.32
11/12/2023 13:45,84.48,85.49,85.49
11/12/2023 14:00,92,89.85,89.85
11/12/2023 14:15,92,109.99,109.99
11/12/2023 14:30,92,207.51,207.51
11/12/2023 14:45,92,183.51,183.51
11/12/2023 15:00,96.79,86.51,86.51
11/12/2023 15:15,96.79,67.82,67.82
11/12/2023 15:30,96.79,69.19,69.19
11/12/2023 15:45,96.79,48.54,48.54
11/12/2023 16:00,106.12,33.78,33.78
11/12/2023 16:15,106.12,67.91,67.91
11/12/2023 16:30,106.12,67.59,67.59
11/12/2023 16:45,106.12,78.49,78.49
11/12/2023 17:00,118.45,63.52,63.52
11/12/2023 17:15,118.45,71.77,71.77
11/12/2023 17:30,118.45,65.59,65.59
11/12/2023 17:45,118.45,69.49,69.49
11/12/2023 18:00,122.9,44.99,44.99
11/12/2023 18:15,122.9,28.34,28.34
11/12/2023 18:30,122.9,33.78,33.78
11/12/2023 18:45,122.9,44.99,44.99
11/12/2023 19:00,121.55,51,51
11/12/2023 19:15,121.55,64.75,64.75
11/12/2023 19:30,121.55,73.78,73.78
11/12/2023 19:45,121.55,90.71,90.71
11/12/2023 20:00,114.11,109.71,109.71
11/12/2023 20:15,114.11,99.77,99.77
11/12/2023 20:30,114.11,88.26,63.3
11/12/2023 20:45,114.11,65.59,65.59
11/12/2023 21:00,99.42,75.59,75.59
11/12/2023 21:15,99.42,63.3,63.3
11/12/2023 21:30,99.42,90.17,90.17
11/12/2023 21:45,99.42,51,51
11/12/2023 22:00,96.53,67.59,67.59
11/12/2023 22:15,96.53,58.59,58.59
11/12/2023 22:30,96.53,65.59,65.59
11/12/2023 22:45,96.53,41.78,41.78
11/12/2023 23:00,90.37,39.78,39.78
11/12/2023 23:15,90.37,52.78,52.78
11/12/2023 23:30,90.37,65.59,65.59
11/12/2023 23:45,90.37,69.61,69.61
12/12/2023 00:00,88.07,83.14,83.14
12/12/2023 00:15,88.07,70.14,70.14
12/12/2023 00:30,88.07,70.14,70.14
12/12/2023 00:45,88.07,74.4,74.4
12/12/2023 01:00,87.06,70.19,70.19
12/12/2023 01:15,87.06,79.32,79.32
12/12/2023 01:30,87.06,80.59,80.59
12/12/2023 01:45,87.06,79.8,79.8
12/12/2023 02:00,85.62,92.4,92.4
12/12/2023 02:15,85.62,90.63,90.63
12/12/2023 02:30,85.62,83.32,83.32
12/12/2023 02:45,85.62,87.41,87.41
12/12/2023 03:00,84.42,63.74,63.74
12/12/2023 03:15,84.42,70.36,70.36
12/12/2023 03:30,84.42,79.74,79.74
12/12/2023 03:45,84.42,68.74,68.74
12/12/2023 04:00,85.55,82.75,82.75
12/12/2023 04:15,85.55,74.25,74.25
12/12/2023 04:30,85.55,77.5,77.5
12/12/2023 04:45,85.55,67.59,67.59
12/12/2023 05:00,87.31,70.81,70.81
12/12/2023 05:15,87.31,85.53,85.53
12/12/2023 05:30,87.31,85.53,85.53
12/12/2023 05:45,87.31,68.32,68.32
12/12/2023 06:00,98.9,87.32,87.32
12/12/2023 06:15,98.9,92.3,92.3
12/12/2023 06:30,98.9,83.53,83.53
12/12/2023 06:45,98.9,90.3,90.3
12/12/2023 07:00,118.4,67.59,67.59
12/12/2023 07:15,118.4,71.52,71.52
12/12/2023 07:30,118.4,86.69,86.69
12/12/2023 07:45,118.4,86.69,86.69
12/12/2023 08:00,140.79,86.65,86.65
12/12/2023 08:15,140.79,124.25,124.25
12/12/2023 08:30,140.79,80.59,80.59
12/12/2023 08:45,140.79,68.85,68.85
12/12/2023 09:00,128.77,62.09,62.09
12/12/2023 09:15,128.77,50.59,50.59
12/12/2023 09:30,128.77,27.56,27.56
12/12/2023 09:45,128.77,-11.83,-11.83
12/12/2023 10:00,124.57,94.12,81.9
12/12/2023 10:15,124.57,66.17,66.17
12/12/2023 10:30,124.57,50.59,50.59
12/12/2023 10:45,124.57,54.52,54.52
12/12/2023 11:00,118.81,58.9,58.9
12/12/2023 11:15,118.81,33.9,33.9
12/12/2023 11:30,118.81,68.9,68.9
12/12/2023 11:45,118.81,65.59,65.59
12/12/2023 12:00,116.82,74.52,74.52
12/12/2023 12:15,116.82,62.52,62.52
12/12/2023 12:30,116.82,58.52,58.52
12/12/2023 12:45,116.82,65.59,65.59
12/12/2023 13:00,119.47,94.38,94.38
12/12/2023 13:15,119.47,95.85,95.85
12/12/2023 13:30,119.47,111.08,111.08
12/12/2023 13:45,119.47,92.31,92.31
12/12/2023 14:00,116.69,83.34,83.34
12/12/2023 14:15,116.69,83.34,83.34
12/12/2023 14:30,116.69,80.59,80.59
12/12/2023 14:45,116.69,79.92,79.92
12/12/2023 15:00,115.54,-65.08,-65.08
12/12/2023 15:15,115.54,79.14,79.14
12/12/2023 15:30,115.54,80.03,80.03
12/12/2023 15:45,115.54,60.52,60.52
12/12/2023 16:00,106.5,60.64,60.64
12/12/2023 16:15,106.5,83.79,83.79
12/12/2023 16:30,106.5,106.87,106.87
12/12/2023 16:45,106.5,130.6,130.6
12/12/2023 17:00,104.13,84.32,84.32
12/12/2023 17:15,104.13,92.35,92.35
12/12/2023 17:30,104.13,98.21,98.21
12/12/2023 17:45,104.13,56.33,56.33
12/12/2023 18:00,105,62.52,62.52
12/12/2023 18:15,105,102.37,102.37
12/12/2023 18:30,105,85.42,85.42
12/12/2023 18:45,105,134.31,134.31
12/12/2023 19:00,93.6,87.31,87.31
12/12/2023 19:15,93.6,73.52,73.52
12/12/2023 19:30,93.6,86.52,86.52
12/12/2023 19:45,93.6,97.89,97.89
12/12/2023 20:00,92.15,37.07,37.07
12/12/2023 20:15,92.15,30.59,30.59
12/12/2023 20:30,92.15,25.52,25.52
12/12/2023 20:45,92.15,77.71,77.71
12/12/2023 21:00,88.14,80.86,80.86
12/12/2023 21:15,88.14,87.09,87.09
12/12/2023 21:30,88.14,30.59,30.59
12/12/2023 21:45,88.14,9.42,9.42
12/12/2023 22:00,83.37,78.96,78.96
12/12/2023 22:15,83.37,88.21,67.59
12/12/2023 22:30,83.37,59.74,59.74
12/12/2023 22:45,83.37,18.52,18.52
12/12/2023 23:00,77.5,62.86,62.86
12/12/2023 23:15,77.5,74.68,74.68
12/12/2023 23:30,77.5,77.77,65.1
12/12/2023 23:45,77.5,15.1,15.1
13/12/2023 00:00,75.43,-40,-40
13/12/2023 00:15,75.43,61.99,61.99
13/12/2023 00:30,75.43,53.5,53.5
13/12/2023 00:45,75.43,-37.63,-37.63
13/12/2023 01:00,73.01,76.8,76.8
13/12/2023 01:15,73.01,88.01,88.01
13/12/2023 01:30,73.01,73.01,73.01
13/12/2023 01:45,73.01,80.17,80.17
13/12/2023 02:00,73.72,110.27,110.27
13/12/2023 02:15,73.72,89.86,89.86
13/12/2023 02:30,73.72,104.65,104.65
13/12/2023 02:45,73.72,87.01,87.01
13/12/2023 03:00,71.46,78.56,78.56
13/12/2023 03:15,71.46,76.8,76.8
13/12/2023 03:30,71.46,76.8,76.8
13/12/2023 03:45,71.46,76.8,76.8
13/12/2023 04:00,73.05,76.8,76.8
13/12/2023 04:15,73.05,49.99,49.99
13/12/2023 04:30,73.05,76.8,76.8
13/12/2023 04:45,73.05,96.53,96.53
13/12/2023 05:00,75.57,83.53,67.59
13/12/2023 05:15,75.57,89.53,89.53
13/12/2023 05:30,75.57,106.56,106.56
13/12/2023 05:45,75.57,97.15,97.15
13/12/2023 06:00,83.1,82.52,82.52
13/12/2023 06:15,83.1,102.93,102.93
13/12/2023 06:30,83.1,166.62,166.62
13/12/2023 06:45,83.1,121.94,121.94
13/12/2023 07:00,102.19,65.6,65.6
13/12/2023 07:15,102.19,96.5,58.52
13/12/2023 07:30,102.19,96.5,96.5
13/12/2023 07:45,102.19,93.34,93.34
13/12/2023 08:00,98.77,76.52,76.52
13/12/2023 08:15,98.77,94.23,94.23
13/12/2023 08:30,98.77,83.87,83.87
13/12/2023 08:45,98.77,87.17,87.17
13/12/2023 09:00,103.51,81.21,81.21
13/12/2023 09:15,103.51,103.87,103.87
13/12/2023 09:30,103.51,83.87,83.87
13/12/2023 09:45,103.51,71.52,71.52
13/12/2023 10:00,100.23,72.43,72.43
13/12/2023 10:15,100.23,63.18,63.18
13/12/2023 10:30,100.23,69.52,69.52
13/12/2023 10:45,100.23,62.95,62.95
13/12/2023 11:00,100,61.3,61.3
13/12/2023 11:15,100,80.59,80.59
13/12/2023 11:30,100,71.3,71.3
13/12/2023 11:45,100,71.3,71.3
13/12/2023 12:00,97.62,87.51,87.51
13/12/2023 12:15,97.62,92.01,92.01
13/12/2023 12:30,97.62,102.66,102.66
13/12/2023 12:45,97.62,102.66,102.66
13/12/2023 13:00,97.34,58.25,58.25
13/12/2023 13:15,97.34,64.36,64.36
13/12/2023 13:30,97.34,41.47,41.47
13/12/2023 13:45,97.34,43.03,43.03
13/12/2023 14:00,102.06,27.23,27.23
13/12/2023 14:15,102.06,72.52,72.52
13/12/2023 14:30,102.06,82.59,82.59
13/12/2023 14:45,102.06,84.26,84.26
13/12/2023 15:00,102.83,99.26,99.26
13/12/2023 15:15,102.83,96.41,96.41
13/12/2023 15:30,102.83,102.26,102.26
13/12/2023 15:45,102.83,104.74,104.74
13/12/2023 16:00,100.78,61.52,61.52
13/12/2023 16:15,100.78,71.84,71.84
13/12/2023 16:30,100.78,74.52,74.52
13/12/2023 16:45,100.78,129.95,129.95
13/12/2023 17:00,110.04,86.95,86.95
13/12/2023 17:15,110.04,88.31,88.31
13/12/2023 17:30,110.04,97.21,97.21
13/12/2023 17:45,110.04,80.04,80.04
13/12/2023 18:00,105.42,74.36,74.36
13/12/2023 18:15,105.42,129.78,129.78
13/12/2023 18:30,105.42,80.59,80.59
13/12/2023 18:45,105.42,74.36,74.36
13/12/2023 19:00,102.04,104.28,104.28
13/12/2023 19:15,102.04,104.28,104.28
13/12/2023 19:30,102.04,72.52,72.52
13/12/2023 19:45,102.04,56.47,56.47
13/12/2023 20:00,95.3,68.52,68.52
13/12/2023 20:15,95.3,74.52,74.52
13/12/2023 20:30,95.3,125.63,125.63
13/12/2023 20:45,95.3,108.87,41.47
13/12/2023 21:00,90.88,30.59,30.59
13/12/2023 21:15,90.88,108.09,80.59
13/12/2023 21:30,90.88,21.27,21.27
13/12/2023 21:45,90.88,21.23,21.23
13/12/2023 22:00,92.35,57.52,57.52
13/12/2023 22:15,92.35,63.52,63.52
13/12/2023 22:30,92.35,89.82,80.59
13/12/2023 22:45,92.35,57.52,57.52
13/12/2023 23:00,84.25,40.52,40.52
13/12/2023 23:15,84.25,65.91,65.91
13/12/2023 23:30,84.25,74.52,74.52
13/12/2023 23:45,84.25,14.92,14.92
14/12/2023 00:00,77.34,-265,-265
14/12/2023 00:15,77.34,67.26,67.26
14/12/2023 00:30,77.34,70.19,70.19
14/12/2023 00:45,77.34,91.59,74.72
14/12/2023 01:00,76.13,92.51,92.51
14/12/2023 01:15,76.13,93.59,93.59
14/12/2023 01:30,76.13,121.74,121.74
14/12/2023 01:45,76.13,136.74,136.74
14/12/2023 02:00,76.5,97.53,97.53
14/12/2023 02:15,76.5,94.72,94.72
14/12/2023 02:30,76.5,128.51,128.51
14/12/2023 02:45,76.5,118.39,118.39
14/12/2023 03:00,77.53,85.53,-11.01
14/12/2023 03:15,77.53,61.71,61.71
14/12/2023 03:30,77.53,110.53,110.53
14/12/2023 03:45,77.53,128.51,128.51
14/12/2023 04:00,79.05,99.51,99.51
14/12/2023 04:15,79.05,95.59,66.42
14/12/2023 04:30,79.05,59.47,59.47
14/12/2023 04:45,79.05,65.99,65.99
14/12/2023 05:00,81.92,75.59,75.59
14/12/2023 05:15,81.92,80.56,80.56
14/12/2023 05:30,81.92,80.59,80.59
14/12/2023 05:45,81.92,86.51,86.51
14/12/2023 06:00,90.92,97.51,97.51
14/12/2023 06:15,90.92,118.23,118.23
14/12/2023 06:30,90.92,100.86,100.86
14/12/2023 06:45,90.92,100.7,100.7
14/12/2023 07:00,116.34,105.73,105.73
14/12/2023 07:15,116.34,219.26,219.26
14/12/2023 07:30,116.34,155.52,155.52
14/12/2023 07:45,116.34,101.36,101.36
14/12/2023 08:00,124.66,101.43,75.52
14/12/2023 08:15,124.66,129.07,129.07
14/12/2023 08:30,124.66,135.11,135.11
14/12/2023 08:45,124.66,135.11,135.11
14/12/2023 09:00,121.7,91.05,91.05
14/12/2023 09:15,121.7,105.78,105.78
14/12/2023 09:30,121.7,78.99,78.99
14/12/2023 09:45,121.7,58.52,58.52
14/12/2023 10:00,114.33,58.52,58.52
14/12/2023 10:15,114.33,78.97,78.97
14/12/2023 10:30,114.33,81.52,81.52
14/12/2023 10:45,114.33,71.14,71.14
14/12/2023 11:00,119.32,583.97,22.08
14/12/2023 11:15,119.32,4.52,4.52
14/12/2023 11:30,119.32,75.05,75.05
14/12/2023 11:45,119.32,75.05,75.05
14/12/2023 12:00,95,28.99,28.99
14/12/2023 12:15,95,61.75,61.75
14/12/2023 12:30,95,73.52,73.52
14/12/2023 12:45,95,89.91,79.1
14/12/2023 13:00,99.9,90.51,90.51
14/12/2023 13:15,99.9,103.91,103.91
14/12/2023 13:30,99.9,164.67,164.67
14/12/2023 13:45,99.9,98.91,98.91
14/12/2023 14:00,100.8,62.23,62.23
14/12/2023 14:15,100.8,76.59,76.59
14/12/2023 14:30,100.8,76.59,76.59
14/12/2023 14:45,100.8,78.17,78.17
14/12/2023 15:00,108.1,75.52,75.52
14/12/2023 15:15,108.1,77.52,77.52
14/12/2023 15:30,108.1,81.52,81.52
14/12/2023 15:45,108.1,87.85,87.85
14/12/2023 16:00,120,175,175
14/12/2023 16:15,120,240.51,240.51
14/12/2023 16:30,120,136.74,136.74
14/12/2023 16:45,120,119.74,119.74
14/12/2023 17:00,119.9,133.74,133.74
14/12/2023 17:15,119.9,91.74,91.74
14/12/2023 17:30,119.9,88.74,88.74
14/12/2023 17:45,119.9,90.51,90.51
14/12/2023 18:00,122.3,82.99,82.99
14/12/2023 18:15,122.3,88.99,88.99
14/12/2023 18:30,122.3,82.75,82.75
14/12/2023 18:45,122.3,78.8,78.8
14/12/2023 19:00,113.82,70.52,70.52
14/12/2023 19:15,113.82,78.99,78.99
14/12/2023 19:30,113.82,84.52,84.52
14/12/2023 19:45,113.82,82.99,82.99
14/12/2023 20:00,99.9,122.32,122.32
14/12/2023 20:15,99.9,103.8,103.8
14/12/2023 20:30,99.9,94.8,94.8
14/12/2023 20:45,99.9,102.52,102.52
14/12/2023 21:00,96.2,101.95,101.95
14/12/2023 21:15,96.2,106.8,106.8
14/12/2023 21:30,96.2,119.74,119.74
14/12/2023 21:45,96.2,287.51,287.51
14/12/2023 22:00,94.46,198.33,198.33
14/12/2023 22:15,94.46,92.51,92.51
14/12/2023 22:30,94.46,115.74,115.74
14/12/2023 22:45,94.46,78.99,78.99
14/12/2023 23:00,85.57,50.99,50.99
14/12/2023 23:15,85.57,78.99,78.99
14/12/2023 23:30,85.57,38.52,38.52
14/12/2023 23:45,85.57,38.52,38.52
15/12/2023 00:00,86.11,83.4,83.4
15/12/2023 00:15,86.11,75.62,75.62
15/12/2023 00:30,86.11,73.28,73.28
15/12/2023 00:45,86.11,58.17,58.17
15/12/2023 01:00,82.93,58.17,58.17
15/12/2023 01:15,82.93,66.74,66.74
15/12/2023 01:30,82.93,63.99,63.99
15/12/2023 01:45,82.93,61.74,61.74
15/12/2023 02:00,80.1,61.51,61.51
15/12/2023 02:15,80.1,84.17,84.17
15/12/2023 02:30,80.1,86.7,86.7
15/12/2023 02:45,80.1,70.62,70.62
15/12/2023 03:00,76.55,71.48,71.48
15/12/2023 03:15,76.55,61.48,61.48
15/12/2023 03:30,76.55,55.19,55.19
15/12/2023 03:45,76.55,48.99,48.99
15/12/2023 04:00,75.16,43.95,43.95
15/12/2023 04:15,75.16,55.29,55.29
15/12/2023 04:30,75.16,49.17,49.17
15/12/2023 04:45,75.16,55.28,55.28
15/12/2023 05:00,80.41,78.99,78.99
15/12/2023 05:15,80.41,92.3,92.3
15/12/2023 05:30,80.41,87.17,87.17
15/12/2023 05:45,80.41,79.62,79.62
15/12/2023 06:00,95.97,83.93,83.93
15/12/2023 06:15,95.97,83.93,83.93
15/12/2023 06:30,95.97,83.93,83.93
15/12/2023 06:45,95.97,83.93,83.93
15/12/2023 07:00,106.92,103.34,83.82
15/12/2023 07:15,106.92,88.7,88.7
15/12/2023 07:30,106.92,103.34,103.34
15/12/2023 07:45,106.92,82.3,82.3
15/12/2023 08:00,121.5,98.98,98.98
15/12/2023 08:15,121.5,90.5,90.5
15/12/2023 08:30,121.5,83.5,83.5
15/12/2023 08:45,121.5,99.6,99.6
15/12/2023 09:00,117.47,137.47,137.47
15/12/2023 09:15,117.47,90.7,90.7
15/12/2023 09:30,117.47,82.16,82.16
15/12/2023 09:45,117.47,82.16,82.16
15/12/2023 10:00,109.97,134.27,134.27
15/12/2023 10:15,109.97,90.78,90.78
15/12/2023 10:30,109.97,92.15,92.15
15/12/2023 10:45,109.97,80.32,80.32
15/12/2023 11:00,102.77,138.1,138.1
15/12/2023 11:15,102.77,106.35,106.35
15/12/2023 11:30,102.77,97.56,97.56
15/12/2023 11:45,102.77,92.1,92.1
15/12/2023 12:00,94.2,1851.74,1851.74
15/12/2023 12:15,94.2,92.2,92.2
15/12/2023 12:30,94.2,92.21,92.21
15/12/2023 12:45,94.2,78.82,78.82
15/12/2023 13:00,88.37,63.22,63.22
15/12/2023 13:15,88.37,65.99,65.99
15/12/2023 13:30,88.37,68.82,68.82
15/12/2023 13:45,88.37,59.19,59.19
15/12/2023 14:00,87.1,59.4,59.4
15/12/2023 14:15,87.1,66.92,66.92
15/12/2023 14:30,87.1,66.92,66.92
15/12/2023 14:45,87.1,66.9,66.9
15/12/2023 15:00,89.86,87.02,87.02
15/12/2023 15:15,89.86,92.11,92.11
15/12/2023 15:30,89.86,88.7,88.7
15/12/2023 15:45,89.86,83.5,67.5
15/12/2023 16:00,98.4,66.9,66.9
15/12/2023 16:15,98.4,63.48,63.48
15/12/2023 16:30,98.4,61.9,61.9
15/12/2023 16:45,98.4,74.22,74.22
15/12/2023 17:00,104.4,63.48,63.48
15/12/2023 17:15,104.4,72.5,72.5
15/12/2023 17:30,104.4,72.5,72.5
15/12/2023 17:45,104.4,67.99,67.99
15/12/2023 18:00,101.86,78.99,78.99
15/12/2023 18:15,101.86,63.5,63.5
15/12/2023 18:30,101.86,66.9,66.9
15/12/2023 18:45,101.86,69.86,69.86
15/12/2023 19:00,93.3,56.69,56.69
15/12/2023 19:15,93.3,55.79,55.79
15/12/2023 19:30,93.3,55.79,55.79
15/12/2023 19:45,93.3,80.18,65.92
15/12/2023 20:00,93.36,65.93,65.93
15/12/2023 20:15,93.36,76.98,66.86
15/12/2023 20:30,93.36,66.92,66.92
15/12/2023 20:45,93.36,68.92,68.92
15/12/2023 21:00,88.36,61,61
15/12/2023 21:15,88.36,63.99,63.99
15/12/2023 21:30,88.36,67.5,67.5
15/12/2023 21:45,88.36,61.91,61.91
15/12/2023 22:00,86.77,93.51,93.51
15/12/2023 22:15,86.77,96.5,96.5
15/12/2023 22:30,86.77,96.5,96.5
15/12/2023 22:45,86.77,83.5,83.5
15/12/2023 23:00,76.71,88.9,88.9
15/12/2023 23:15,76.71,85.19,85.19
15/12/2023 23:30,76.71,60.5,60.5
15/12/2023 23:45,76.71,60.5,60.5
16/12/2023 00:00,67.2,-20.62,-20.62
16/12/2023 00:15,67.2,-1.07,-1.07
16/12/2023 00:30,67.2,24.16,24.16
16/12/2023 00:45,67.2,-1.08,-1.08
16/12/2023 01:00,63.21,81.64,81.64
16/12/2023 01:15,63.21,74.14,74.14
16/12/2023 01:30,63.21,55.3,55.3
16/12/2023 01:45,63.21,18.92,18.92
16/12/2023 02:00,60.37,96.16,61.88
16/12/2023 02:15,60.37,72.09,72.09
16/12/2023 02:30,60.37,24.15,24.15
16/12/2023 02:45,60.37,-40,-40
16/12/2023 03:00,58,-23.93,-23.93
16/12/2023 03:15,58,-42.69,-42.69
16/12/2023 03:30,58,-40,-40
16/12/2023 03:45,58,-90.32,-90.32
16/12/2023 04:00,54.1,-77.48,-77.48
16/12/2023 04:15,54.1,-266.07,-266.07
16/12/2023 04:30,54.1,-698,-698
16/12/2023 04:45,54.1,-98,-98
16/12/2023 05:00,55.64,-40,-40
16/12/2023 05:15,55.64,-40.85,-40.85
16/12/2023 05:30,55.64,-11.15,-11.15
16/12/2023 05:45,55.64,8.92,8.92
16/12/2023 06:00,59.34,-100,-100
16/12/2023 06:15,59.34,-58.62,-58.62
16/12/2023 06:30,59.34,-23.91,-23.91
16/12/2023 06:45,59.34,-55.94,-55.94
16/12/2023 07:00,65.1,-266.07,-266.07
16/12/2023 07:15,65.1,-38.62,-38.62
16/12/2023 07:30,65.1,-34.9,-34.9
16/12/2023 07:45,65.1,62.43,62.43
16/12/2023 08:00,79.89,72.88,72.88
16/12/2023 08:15,79.89,69.67,69.67
16/12/2023 08:30,79.89,-1.08,-1.08
16/12/2023 08:45,79.89,57.83,57.83
16/12/2023 09:00,87.69,17.83,17.83
16/12/2023 09:15,87.69,-1.07,-1.07
16/12/2023 09:30,87.69,-40,-40
16/12/2023 09:45,87.69,-38.62,-38.62
16/12/2023 10:00,84.42,60.89,60.89
16/12/2023 10:15,84.42,70.2,70.2
16/12/2023 10:30,84.42,82.07,82.07
16/12/2023 10:45,84.42,121.74,121.74
16/12/2023 11:00,77,122.5,122.5
16/12/2023 11:15,77,94.48,94.48
16/12/2023 11:30,77,92.5,92.5
16/12/2023 11:45,77,93.83,93.83
16/12/2023 12:00,71.45,103.99,103.99
16/12/2023 12:15,71.45,88.5,88.5
16/12/2023 12:30,71.45,88.5,88.5
16/12/2023 12:45,71.45,-40,-40
16/12/2023 13:00,70.62,105.89,-95.62
16/12/2023 13:15,70.62,59.88,59.88
16/12/2023 13:30,70.62,59.83,59.83
16/12/2023 13:45,70.62,-21.13,-21.13
16/12/2023 14:00,75.31,81.74,42.83
16/12/2023 14:15,75.31,57.83,57.83
16/12/2023 14:30,75.31,72.08,51.83
16/12/2023 14:45,75.31,80.97,80.97
16/12/2023 15:00,80.38,87.83,87.83
16/12/2023 15:15,80.38,42.83,42.83
16/12/2023 15:30,80.38,51.83,51.83
16/12/2023 15:45,80.38,51.22,51.22
16/12/2023 16:00,83.9,-40,-40
16/12/2023 16:15,83.9,81.74,-98.64
16/12/2023 16:30,83.9,81.74,-100
16/12/2023 16:45,83.9,-20.18,-20.18
16/12/2023 17:00,106.78,-1.07,-1.07
16/12/2023 17:15,106.78,71.24,71.24
16/12/2023 17:30,106.78,51.83,51.83
16/12/2023 17:45,106.78,53.26,53.26
16/12/2023 18:00,118.81,72.06,72.06
16/12/2023 18:15,118.81,82.06,82.06
16/12/2023 18:30,118.81,77.06,77.06
16/12/2023 18:45,118.81,62.94,62.94
16/12/2023 19:00,103,38.61,38.61
16/12/2023 19:15,103,38.71,38.71
16/12/2023 19:30,103,-9.68,-9.68
16/12/2023 19:45,103,-16.37,-16.37
16/12/2023 20:00,93.6,-14.18,-14.18
16/12/2023 20:15,93.6,-6.68,-6.68
16/12/2023 20:30,93.6,-9.68,-9.68
16/12/2023 20:45,93.6,8.92,8.92
16/12/2023 21:00,75,58.17,24.15
16/12/2023 21:15,75,71.98,54.92
16/12/2023 21:30,75,34.64,34.64
16/12/2023 21:45,75,34.65,34.65
16/12/2023 22:00,66.46,53.72,53.72
16/12/2023 22:15,66.46,53.72,53.72
16/12/2023 22:30,66.46,51.21,51.21
16/12/2023 22:45,66.46,-62.43,-62.43
16/12/2023 23:00,56,-46.69,-46.69
16/12/2023 23:15,56,-16.45,-16.45
16/12/2023 23:30,56,-40,-40
16/12/2023 23:45,56,-40,-40
17/12/2023 00:00,45.48,162.25,-196.87
17/12/2023 00:15,45.48,85.64,85.64
17/12/2023 00:30,45.48,56.39,56.39
17/12/2023 00:45,45.48,50.39,-10.42
17/12/2023 01:00,43.11,83.88,-10.34
17/12/2023 01:15,43.11,50.39,50.39
17/12/2023 01:30,43.11,16.44,16.44
17/12/2023 01:45,43.11,-14.03,-14.03
17/12/2023 02:00,43.71,85.64,-13.01
17/12/2023 02:15,43.71,57.79,57.79
17/12/2023 02:30,43.71,-11.01,-11.01
17/12/2023 02:45,43.71,-10.48,-10.48
17/12/2023 03:00,28.69,16.45,16.45
17/12/2023 03:15,28.69,-14.75,-14.75
17/12/2023 03:30,28.69,-14.75,-14.75
17/12/2023 03:45,28.69,-35.92,-35.92
17/12/2023 04:00,26.37,-37.86,-37.86
17/12/2023 04:15,26.37,-83.66,-83.66
17/12/2023 04:30,26.37,-92.31,-92.31
17/12/2023 04:45,26.37,-136.32,-136.32
17/12/2023 05:00,29.87,-100,-100
17/12/2023 05:15,29.87,-139.03,-139.03
17/12/2023 05:30,29.87,-100,-100
17/12/2023 05:45,29.87,-66.81,-66.81
17/12/2023 06:00,39.03,-34.2,-34.2
17/12/2023 06:15,39.03,-32.85,-32.85
17/12/2023 06:30,39.03,-26.37,-26.37
17/12/2023 06:45,39.03,-34.2,-34.2
17/12/2023 07:00,45.53,-6.42,-6.42
17/12/2023 07:15,45.53,-10.33,-10.33
17/12/2023 07:30,45.53,-5.18,-5.18
17/12/2023 07:45,45.53,19.06,19.06
17/12/2023 08:00,57.67,19.06,19.06
17/12/2023 08:15,57.67,19.06,19.06
17/12/2023 08:30,57.67,50.26,50.26
17/12/2023 08:45,57.67,68.37,68.37
17/12/2023 09:00,59.17,82.11,82.11
17/12/2023 09:15,59.17,121.74,121.74
17/12/2023 09:30,59.17,82.11,82.11
17/12/2023 09:45,59.17,19.06,19.06
17/12/2023 10:00,54.43,1851.74,1851.74
17/12/2023 10:15,54.43,69.57,69.57
17/12/2023 10:30,54.43,80.54,80.54
17/12/2023 10:45,54.43,160.06,160.06
17/12/2023 11:00,49,1851.74,1851.74
17/12/2023 11:15,49,71.58,71.58
17/12/2023 11:30,49,71.58,71.58
17/12/2023 11:45,49,83.87,-14.75
17/12/2023 12:00,43.71,70.08,-23.21
17/12/2023 12:15,43.71,-95.6,-95.6
17/12/2023 12:30,43.71,-95.6,-95.6
17/12/2023 12:45,43.71,-60.86,-60.86
17/12/2023 13:00,40.03,-24.2,-24.2
17/12/2023 13:15,40.03,-50.71,-50.71
17/12/2023 13:30,40.03,-24.2,-24.2
17/12/2023 13:45,40.03,-41.82,-41.82
17/12/2023 14:00,46.1,-41.82,-41.82
17/12/2023 14:15,46.1,75.55,-12.77
17/12/2023 14:30,46.1,98.83,-24.2
17/12/2023 14:45,46.1,98.92,98.92
17/12/2023 15:00,57.18,-12.77,-12.77
17/12/2023 15:15,57.18,136.74,136.74
17/12/2023 15:30,57.18,136.74,136.74
17/12/2023 15:45,57.18,69.75,69.75
17/12/2023 16:00,64.13,-21.07,-21.07
17/12/2023 16:15,64.13,61.56,61.56
17/12/2023 16:30,64.13,49.17,49.17
17/12/2023 16:45,64.13,53.87,53.87
17/12/2023 17:00,89,-20.74,-20.74
17/12/2023 17:15,89,56.49,56.49
17/12/2023 17:30,89,68.44,68.44
17/12/2023 17:45,89,56.49,56.49
17/12/2023 18:00,99.89,56.48,56.48
17/12/2023 18:15,99.89,94.96,94.96
17/12/2023 18:30,99.89,90.52,90.52
17/12/2023 18:45,99.89,56.48,56.48
17/12/2023 19:00,86,56.48,56.48
17/12/2023 19:15,86,56.48,56.48
17/12/2023 19:30,86,56.48,56.48
17/12/2023 19:45,86,56.48,56.48
17/12/2023 20:00,65.99,121.74,121.74
17/12/2023 20:15,65.99,90.25,90.25
17/12/2023 20:30,65.99,92.43,92.43
17/12/2023 20:45,65.99,51.2,51.2
17/12/2023 21:00,64.89,89.97,89.97
17/12/2023 21:15,64.89,32.86,32.86
17/12/2023 21:30,64.89,-10.29,-10.29
17/12/2023 21:45,64.89,19,19
17/12/2023 22:00,66.84,101.93,101.93
17/12/2023 22:15,66.84,45.43,45.43
17/12/2023 22:30,66.84,19.06,19.06
17/12/2023 22:45,66.84,19.02,19.02
17/12/2023 23:00,51.63,88,88
17/12/2023 23:15,51.63,-12.42,-12.42
17/12/2023 23:30,51.63,18.97,18.97
17/12/2023 23:45,51.63,18.97,18.97
18/12/2023 00:00,54.46,91.31,44.89
18/12/2023 00:15,54.46,86.31,86.31
18/12/2023 00:30,54.46,75,75
18/12/2023 00:45,54.46,75,75
18/12/2023 01:00,52.02,151.97,151.97
18/12/2023 01:15,52.02,91.31,91.31
18/12/2023 01:30,52.02,107.52,107.52
18/12/2023 01:45,52.02,80.55,80.55
18/12/2023 02:00,50.29,172,172
18/12/2023 02:15,50.29,150,150
18/12/2023 02:30,50.29,99.31,99.31
18/12/2023 02:45,50.29,85.65,85.65
18/12/2023 03:00,49.2,97.25,97.25
18/12/2023 03:15,49.2,86.1,86.1
18/12/2023 03:30,49.2,48.99,48.99
18/12/2023 03:45,49.2,36.8,36.8
18/12/2023 04:00,52.77,36.15,36.15
18/12/2023 04:15,52.77,63.99,63.99
18/12/2023 04:30,52.77,63.99,63.99
18/12/2023 04:45,52.77,80.55,80.55
18/12/2023 05:00,62.58,80.55,80.55
18/12/2023 05:15,62.58,63.99,63.99
18/12/2023 05:30,62.58,121.74,121.74
18/12/2023 05:45,62.58,87.34,87.34
18/12/2023 06:00,84,80.55,80.55
18/12/2023 06:15,84,171.22,171.22
18/12/2023 06:30,84,287,287
18/12/2023 06:45,84,158.24,158.24
18/12/2023 07:00,103.39,136.74,28.99
18/12/2023 07:15,103.39,175.76,175.76
18/12/2023 07:30,103.39,203.59,203.59
18/12/2023 07:45,103.39,248.96,248.96
18/12/2023 08:00,109.28,92.42,92.42
18/12/2023 08:15,109.28,81.76,81.76
18/12/2023 08:30,109.28,80.55,80.55
18/12/2023 08:45,109.28,70.65,70.65
18/12/2023 09:00,110.28,83.88,83.88
18/12/2023 09:15,110.28,78.99,78.99
18/12/2023 09:30,110.28,56.26,56.26
18/12/2023 09:45,110.28,15.02,15.02
18/12/2023 10:00,89.03,21.02,21.02
18/12/2023 10:15,89.03,49.79,49.79
18/12/2023 10:30,89.03,117.36,73.69
18/12/2023 10:45,89.03,58.28,58.28
18/12/2023 11:00,81.17,58.52,58.52
18/12/2023 11:15,81.17,82.95,82.95
18/12/2023 11:30,81.17,80.25,80.25
18/12/2023 11:45,81.17,67.52,67.52
18/12/2023 12:00,74.89,68.52,68.52
18/12/2023 12:15,74.89,59.54,59.54
18/12/2023 12:30,74.89,39.52,39.52
18/12/2023 12:45,74.89,8.52,8.52
18/12/2023 13:00,74.95,83.51,-19.82
18/12/2023 13:15,74.95,80.25,80.25
18/12/2023 13:30,74.95,80.25,80.25
18/12/2023 13:45,74.95,102.51,102.51
18/12/2023 14:00,80.87,102.51,102.51
18/12/2023 14:15,80.87,90.73,90.73
18/12/2023 14:30,80.87,161.25,161.25
18/12/2023 14:45,80.87,125.25,125.25
18/12/2023 15:00,88,137.78,-167.17
18/12/2023 15:15,88,161.83,-100
18/12/2023 15:30,88,136.74,-95.05
18/12/2023 15:45,88,162.77,-49.45
18/12/2023 16:00,95.41,134.74,15.02
18/12/2023 16:15,95.41,80.55,80.55
18/12/2023 16:30,95.41,90.72,90.72
18/12/2023 16:45,95.41,90.42,90.42
18/12/2023 17:00,104.33,43,43
18/12/2023 17:15,104.33,90.73,90.73
18/12/2023 17:30,104.33,89.04,89.04
18/12/2023 17:45,104.33,96.03,96.03
18/12/2023 18:00,103.15,61,61
18/12/2023 18:15,103.15,61,61
18/12/2023 18:30,103.15,61,61
18/12/2023 18:45,103.15,61,61
18/12/2023 19:00,96.3,106.87,106.87
18/12/2023 19:15,96.3,61.31,61.31
18/12/2023 19:30,96.3,43,43
18/12/2023 19:45,96.3,61.31,61.31
18/12/2023 20:00,83.09,180.92,180.92
18/12/2023 20:15,83.09,90.73,90.73
18/12/2023 20:30,83.09,43,43
18/12/2023 20:45,83.09,61,61
18/12/2023 21:00,74.89,48.99,48.99
18/12/2023 21:15,74.89,28.99,28.99
18/12/2023 21:30,74.89,15.52,15.52
18/12/2023 21:45,74.89,61,61
18/12/2023 22:00,63.79,28.99,28.99
18/12/2023 22:15,63.79,28.99,28.99
18/12/2023 22:30,63.79,-15.62,-15.62
18/12/2023 22:45,63.79,-40.62,-40.62
18/12/2023 23:00,57.94,90.72,90.72
18/12/2023 23:15,57.94,61,61
18/12/2023 23:30,57.94,61,61
18/12/2023 23:45,57.94,61,61
19/12/2023 00:00,52.24,91.85,91.85
19/12/2023 00:15,52.24,85.26,85.26
19/12/2023 00:30,52.24,83.26,83.26
19/12/2023 00:45,52.24,75.51,75.51
19/12/2023 01:00,50.89,58.02,58.02
19/12/2023 01:15,50.89,58.02,58.02
19/12/2023 01:30,50.89,71.85,71.85
19/12/2023 01:45,50.89,-13.68,-13.68
19/12/2023 02:00,49.99,86.5,-13.93
19/12/2023 02:15,49.99,48.99,48.99
19/12/2023 02:30,49.99,56.02,56.02
19/12/2023 02:45,49.99,-12.68,-12.68
19/12/2023 03:00,56.27,56.02,56.02
19/12/2023 03:15,56.27,-43.94,-43.94
19/12/2023 03:30,56.27,28.99,28.99
19/12/2023 03:45,56.27,50.02,50.02
19/12/2023 04:00,59,-17.68,-17.68
19/12/2023 04:15,59,48.99,48.99
19/12/2023 04:30,59,66.85,66.85
19/12/2023 04:45,59,76.07,76.07
19/12/2023 05:00,65.05,-21.87,-21.87
19/12/2023 05:15,65.05,76.51,76.51
19/12/2023 05:30,65.05,76.51,76.51
19/12/2023 05:45,65.05,50.02,50.02
19/12/2023 06:00,80,50.35,50.35
19/12/2023 06:15,80,78.94,78.94
19/12/2023 06:30,80,137.41,137.41
19/12/2023 06:45,80,128.41,128.41
19/12/2023 07:00,93.74,92.35,81.84
19/12/2023 07:15,93.74,125.11,125.11
19/12/2023 07:30,93.74,263.74,263.74
19/12/2023 07:45,93.74,263.74,263.74
19/12/2023 08:00,100.24,78.94,78.94
19/12/2023 08:15,100.24,86.35,86.35
19/12/2023 08:30,100.24,86.35,86.35
19/12/2023 08:45,100.24,70.36,70.36
19/12/2023 09:00,94.28,77.29,77.29
19/12/2023 09:15,94.28,63.35,63.35
19/12/2023 09:30,94.28,70.52,70.52
19/12/2023 09:45,94.28,68.04,68.04
19/12/2023 10:00,86.1,93.66,93.66
19/12/2023 10:15,86.1,81.23,81.23
19/12/2023 10:30,86.1,80.43,80.43
19/12/2023 10:45,86.1,71.78,71.78
19/12/2023 11:00,79.71,61.27,61.27
19/12/2023 11:15,79.71,63.35,63.35
19/12/2023 11:30,79.71,61.27,61.27
19/12/2023 11:45,79.71,46.27,46.27
19/12/2023 12:00,76.5,46.06,46.06
19/12/2023 12:15,76.5,-23.5,-23.5
19/12/2023 12:30,76.5,13.52,13.52
19/12/2023 12:45,76.5,58.52,58.52
19/12/2023 13:00,80,92.35,92.35
19/12/2023 13:15,80,101.35,101.35
19/12/2023 13:30,80,165.64,165.64
19/12/2023 13:45,80,156.27,156.27
19/12/2023 14:00,80.66,54.92,54.92
19/12/2023 14:15,80.66,61.52,61.52
19/12/2023 14:30,80.66,75.52,75.52
19/12/2023 14:45,80.66,69.52,69.52
19/12/2023 15:00,84.82,28.99,28.99
19/12/2023 15:15,84.82,36.52,36.52
19/12/2023 15:30,84.82,71.52,71.52
19/12/2023 15:45,84.82,73.99,73.99
19/12/2023 16:00,88.67,72.83,72.83
19/12/2023 16:15,88.67,75.99,75.99
19/12/2023 16:30,88.67,87.83,87.83
19/12/2023 16:45,88.67,377.83,377.83
19/12/2023 17:00,101.81,1851.74,1851.74
19/12/2023 17:15,101.81,127.83,127.83
19/12/2023 17:30,101.81,116.74,116.74
19/12/2023 17:45,101.81,123.98,123.98
19/12/2023 18:00,94.4,88.6,88.6
19/12/2023 18:15,94.4,43,43
19/12/2023 18:30,94.4,88.6,88.6
19/12/2023 18:45,94.4,87.83,87.83
19/12/2023 19:00,91.1,162.03,162.03
19/12/2023 19:15,91.1,59.26,59.26
19/12/2023 19:30,91.1,58.5,58.5
19/12/2023 19:45,91.1,58.5,58.5
19/12/2023 20:00,85.2,90.6,90.6
19/12/2023 20:15,85.2,84.35,84.35
19/12/2023 20:30,85.2,79.79,79.79
19/12/2023 20:45,85.2,58.5,58.5
19/12/2023 21:00,79.64,164.03,164.03
19/12/2023 21:15,79.64,261.5,261.5
19/12/2023 21:30,79.64,100.61,100.61
19/12/2023 21:45,79.64,85.28,85.28
19/12/2023 22:00,75.86,261.5,261.5
19/12/2023 22:15,75.86,79.06,79.06
19/12/2023 22:30,75.86,58.5,58.5
19/12/2023 22:45,75.86,58.5,58.5
19/12/2023 23:00,59.84,88.6,88.6
19/12/2023 23:15,59.84,58.5,58.5
19/12/2023 23:30,59.84,71.32,71.32
19/12/2023 23:45,59.84,-19.68,-19.68
20/12/2023 00:00,57.85,246.09,-40
20/12/2023 00:15,57.85,105.33,105.33
20/12/2023 00:30,57.85,71.35,71.35
20/12/2023 00:45,57.85,71.35,71.35
20/12/2023 01:00,50.48,85.93,85.93
20/12/2023 01:15,50.48,90.2,90.2
20/12/2023 01:30,50.48,71.35,71.35
20/12/2023 01:45,50.48,71.35,71.35
20/12/2023 02:00,48,69.31,69.31
20/12/2023 02:15,48,71.35,71.35
20/12/2023 02:30,48,79.88,79.88
20/12/2023 02:45,48,-10.51,-10.51
20/12/2023 03:00,39.98,85.02,-14.71
20/12/2023 03:15,39.98,71.35,71.35
20/12/2023 03:30,39.98,71.35,71.35
20/12/2023 03:45,39.98,71.35,71.35
20/12/2023 04:00,31.51,69.3,69.3
20/12/2023 04:15,31.51,71.35,71.35
20/12/2023 04:30,31.51,71.35,71.35
20/12/2023 04:45,31.51,71.35,71.35
20/12/2023 05:00,39.97,71.35,71.35
20/12/2023 05:15,39.97,71.35,71.35
20/12/2023 05:30,39.97,92.35,92.35
20/12/2023 05:45,39.97,81.88,81.88
20/12/2023 06:00,48.13,83.87,83.87
20/12/2023 06:15,48.13,91.1,91.1
20/12/2023 06:30,48.13,111.16,111.16
20/12/2023 06:45,48.13,85.87,85.87
20/12/2023 07:00,69.53,-18.15,-18.15
20/12/2023 07:15,69.53,71.77,71.77
20/12/2023 07:30,69.53,69.87,69.87
20/12/2023 07:45,69.53,69.87,69.87
20/12/2023 08:00,98.09,83.89,83.89
20/12/2023 08:15,98.09,92.48,92.48
20/12/2023 08:30,98.09,76.12,76.12
20/12/2023 08:45,98.09,75.81,75.81
20/12/2023 09:00,107.1,260.51,260.51
20/12/2023 09:15,107.1,135.04,135.04
20/12/2023 09:30,107.1,91.51,91.51
20/12/2023 09:45,107.1,75.2,75.2
20/12/2023 10:00,95,85.87,85.87
20/12/2023 10:15,95,80.51,80.51
20/12/2023 10:30,95,85.87,85.87
20/12/2023 10:45,95,55.87,55.87
20/12/2023 11:00,88,9.52,9.52
20/12/2023 11:15,88,75.66,75.66
20/12/2023 11:30,88,91.51,91.51
20/12/2023 11:45,88,-40.62,-40.62
20/12/2023 12:00,66.54,95.51,95.51
20/12/2023 12:15,66.54,91.87,91.87
20/12/2023 12:30,66.54,140.91,140.91
20/12/2023 12:45,66.54,266.51,266.51
20/12/2023 13:00,70.1,112.69,112.69
20/12/2023 13:15,70.1,75.99,75.99
20/12/2023 13:30,70.1,15.52,15.52
20/12/2023 13:45,70.1,9.52,9.52
20/12/2023 14:00,84.31,268.51,-150.62
20/12/2023 14:15,84.31,15.52,15.52
20/12/2023 14:30,84.31,151.31,-200.62
20/12/2023 14:45,84.31,104.31,-250.4
20/12/2023 15:00,90.66,55.87,55.87
20/12/2023 15:15,90.66,49.87,49.87
20/12/2023 15:30,90.66,20.52,20.52
20/12/2023 15:45,90.66,55.87,55.87
20/12/2023 16:00,98,78.87,78.87
20/12/2023 16:15,98,75.2,75.2
20/12/2023 16:30,98,70.52,70.52
20/12/2023 16:45,98,75.2,75.2
20/12/2023 17:00,110.91,215.21,-36
20/12/2023 17:15,110.91,88.82,88.82
20/12/2023 17:30,110.91,55.46,55.46
20/12/2023 17:45,110.91,-9.13,-9.13
20/12/2023 18:00,100.81,73.56,73.56
20/12/2023 18:15,100.81,68.52,68.52
20/12/2023 18:30,100.81,55.87,55.87
20/12/2023 18:45,100.81,55.87,55.87
20/12/2023 19:00,89.06,140.06,140.06
20/12/2023 19:15,89.06,81.87,81.87
20/12/2023 19:30,89.06,-19.68,-19.68
20/12/2023 19:45,89.06,3.52,3.52
20/12/2023 20:00,78.07,80.51,-38
20/12/2023 20:15,78.07,54.44,54.44
20/12/2023 20:30,78.07,54.44,54.44
20/12/2023 20:45,78.07,54.44,54.44
20/12/2023 21:00,66.87,-33.13,-33.13
20/12/2023 21:15,66.87,54.44,54.44
20/12/2023 21:30,66.87,-7.89,-7.89
20/12/2023 21:45,66.87,-38,-38
20/12/2023 22:00,61.42,116.51,-40
20/12/2023 22:15,61.42,54.44,54.44
20/12/2023 22:30,61.42,-38,-38
20/12/2023 22:45,61.42,-38,-38
20/12/2023 23:00,48.93,83.8,83.8
20/12/2023 23:15,48.93,30,30
20/12/2023 23:30,48.93,53.47,53.47
20/12/2023 23:45,48.93,46.44,46.44
21/12/2023 00:00,29.9,265.27,-105.41
21/12/2023 00:15,29.9,76.87,-21.91
21/12/2023 00:30,29.9,-21.91,-21.91
21/12/2023 00:45,29.9,-79.94,-79.94
21/12/2023 01:00,24.83,-21.91,-21.91
21/12/2023 01:15,24.83,-77.94,-77.94
21/12/2023 01:30,24.83,-7.89,-7.89
21/12/2023 01:45,24.83,100.87,-79.94
21/12/2023 02:00,20.48,287,-79.94
21/12/2023 02:15,20.48,-15.68,-15.68
21/12/2023 02:30,20.48,-21.94,-21.94
21/12/2023 02:45,20.48,-23.94,-23.94
21/12/2023 03:00,2.76,-7.89,-7.89
21/12/2023 03:15,2.76,367.36,-27.69
21/12/2023 03:30,2.76,150.87,-83.94
21/12/2023 03:45,2.76,-33.94,-33.94
21/12/2023 04:00,-0.84,-83.94,-83.94
21/12/2023 04:15,-0.84,-83.94,-83.94
21/12/2023 04:30,-0.84,-33.94,-33.94
21/12/2023 04:45,-0.84,-27.69,-27.69
21/12/2023 05:00,-0.27,-27.69,-27.69
21/12/2023 05:15,-0.27,-83.94,-83.94
21/12/2023 05:30,-0.27,-33.94,-33.94
21/12/2023 05:45,-0.27,109.89,-224.38
21/12/2023 06:00,24.44,89.67,-53.94
21/12/2023 06:15,24.44,-17.68,-17.68
21/12/2023 06:30,24.44,84.74,84.74
21/12/2023 06:45,24.44,99.74,99.74
21/12/2023 07:00,46.5,-17.68,-17.68
21/12/2023 07:15,46.5,80.61,-51.5
21/12/2023 07:30,46.5,92.86,92.86
21/12/2023 07:45,46.5,92.86,92.86
21/12/2023 08:00,78.2,79.74,79.74
21/12/2023 08:15,78.2,71.74,71.74
21/12/2023 08:30,78.2,100.6,100.6
21/12/2023 08:45,78.2,100.6,100.6
21/12/2023 09:00,83.8,71.74,71.74
21/12/2023 09:15,83.8,56.74,56.74
21/12/2023 09:30,83.8,45.6,45.6
21/12/2023 09:45,83.8,40.22,40.22
21/12/2023 10:00,87.38,289,289
21/12/2023 10:15,87.38,86.74,52.74
21/12/2023 10:30,87.38,90.74,50.87
21/12/2023 10:45,87.38,56.74,56.74
21/12/2023 11:00,85.72,253.33,-7.89
21/12/2023 11:15,85.72,255.72,-7.89
21/12/2023 11:30,85.72,71.74,71.74
21/12/2023 11:45,85.72,50.74,50.74
21/12/2023 12:00,75.9,140.8,63.74
21/12/2023 12:15,75.9,-60.62,-60.62
21/12/2023 12:30,75.9,85.26,-100
21/12/2023 12:45,75.9,146.8,-255
21/12/2023 13:00,64.9,108.13,-25.62
21/12/2023 13:15,64.9,94.76,94.76
21/12/2023 13:30,64.9,72.28,72.28
21/12/2023 13:45,64.9,71.74,71.74
21/12/2023 14:00,75.1,108.53,108.53
21/12/2023 14:15,75.1,71.74,71.74
21/12/2023 14:30,75.1,85.13,85.13
21/12/2023 14:45,75.1,140.59,140.59
21/12/2023 15:00,75.87,-95.62,-95.62
21/12/2023 15:15,75.87,498,-40.62
21/12/2023 15:30,75.87,300,-60.62
21/12/2023 15:45,75.87,300,-15.62
21/12/2023 16:00,73.4,300,300
21/12/2023 16:15,73.4,600,50.74
21/12/2023 16:30,73.4,344,50.87
21/12/2023 16:45,73.4,171.4,-90
21/12/2023 17:00,100,161.99,-100
21/12/2023 17:15,100,153,-34.69
21/12/2023 17:30,100,147,-85.94
21/12/2023 17:45,100,198,-45.23
21/12/2023 18:00,102.75,-68.19,-68.19
21/12/2023 18:15,102.75,189.88,-59.69
21/12/2023 18:30,102.75,-14.68,-14.68
21/12/2023 18:45,102.75,109.42,109.42
21/12/2023 19:00,90.7,1851.74,1851.74
21/12/2023 19:15,90.7,500,-100
21/12/2023 19:30,90.7,500,-57.63
21/12/2023 19:45,90.7,-45.38,-45.38
21/12/2023 20:00,89,73.74,73.74
21/12/2023 20:15,89,140,-45.94
21/12/2023 20:30,89,-19.68,-19.68
21/12/2023 20:45,89,207.35,-85.94
21/12/2023 21:00,60,51.31,-114.19
21/12/2023 21:15,60,82.17,-9.68
21/12/2023 21:30,60,82.17,-82.69
21/12/2023 21:45,60,-20.19,-20.19
21/12/2023 22:00,47.56,-5.18,-5.18
21/12/2023 22:15,47.56,56.74,56.74
21/12/2023 22:30,47.56,-6.68,-6.68
21/12/2023 22:45,47.56,-6.68,-6.68
21/12/2023 23:00,13.58,41,41
21/12/2023 23:15,13.58,30,30
21/12/2023 23:30,13.58,-15.32,-15.32
21/12/2023 23:45,13.58,-20.2,-20.2
22/12/2023 00:00,0.13,86.74,-8.81
22/12/2023 00:15,0.13,79.31,79.31
22/12/2023 00:30,0.13,13.61,13.61
22/12/2023 00:45,0.13,-19.69,-19.69
22/12/2023 01:00,-0.25,101.74,-19.69
22/12/2023 01:15,-0.25,-16.69,-16.69
22/12/2023 01:30,-0.25,-24.19,-24.19
22/12/2023 01:45,-0.25,-24.19,-24.19
22/12/2023 02:00,-0.07,75.13,-6.53
22/12/2023 02:15,-0.07,57.12,57.12
22/12/2023 02:30,-0.07,24.32,24.32
22/12/2023 02:45,-0.07,66.26,-19.69
22/12/2023 03:00,-0.19,75.2,-17.07
22/12/2023 03:15,-0.19,61.06,61.06
22/12/2023 03:30,-0.19,-10.41,-10.41
22/12/2023 03:45,-0.19,-18.65,-18.65
22/12/2023 04:00,-0.21,-19.69,-19.69
22/12/2023 04:15,-0.21,61.11,-23.44
22/12/2023 04:30,-0.21,59.2,-10.42
22/12/2023 04:45,-0.21,58.51,-24.43
22/12/2023 05:00,-0.4,-15.23,-15.23
22/12/2023 05:15,-0.4,-17.46,-17.46
22/12/2023 05:30,-0.4,27.82,27.82
22/12/2023 05:45,-0.4,56,56
22/12/2023 06:00,0.44,23.62,23.62
22/12/2023 06:15,0.44,23.55,23.55
22/12/2023 06:30,0.44,91.57,91.57
22/12/2023 06:45,0.44,149.61,149.61
22/12/2023 07:00,32.1,-132.19,-132.19
22/12/2023 07:15,32.1,126.62,-106.71
22/12/2023 07:30,32.1,-8.81,-8.81
22/12/2023 07:45,32.1,83.32,83.32
22/12/2023 08:00,72,-14.19,-14.19
22/12/2023 08:15,72,-5.18,-5.18
22/12/2023 08:30,72,66.14,54.32
22/12/2023 08:45,72,180,180
22/12/2023 09:00,92,199.59,199.59
22/12/2023 09:15,92,74.75,74.75
22/12/2023 09:30,92,54.32,54.32
22/12/2023 09:45,92,141.87,-34.68
22/12/2023 10:00,63.57,122.19,-27.69
22/12/2023 10:15,63.57,122.19,-29.05
22/12/2023 10:30,63.57,-25.93,-25.93
22/12/2023 10:45,63.57,23.98,23.98
22/12/2023 11:00,59.95,127.42,60.32
22/12/2023 11:15,59.95,-8.81,-8.81
22/12/2023 11:30,59.95,91.1,-19.68
22/12/2023 11:45,59.95,92.32,-8.81
22/12/2023 12:00,54.11,500,81.53
22/12/2023 12:15,54.11,298,-15.93
22/12/2023 12:30,54.11,298,-26.89
22/12/2023 12:45,54.11,69.32,69.32
22/12/2023 13:00,54.5,260.45,-25.93
22/12/2023 13:15,54.5,88.32,-26.69
22/12/2023 13:30,54.5,73.32,73.32
22/12/2023 13:45,54.5,75.32,75.32
22/12/2023 14:00,60.61,77.67,77.67
22/12/2023 14:15,60.61,-78.93,-78.93
22/12/2023 14:30,60.61,154.3,-268.07
22/12/2023 14:45,60.61,195.7,-201.69
22/12/2023 15:00,60,-128.56,-128.56
22/12/2023 15:15,60,73.32,73.32
22/12/2023 15:30,60,76.32,76.32
22/12/2023 15:45,60,82.38,82.38
22/12/2023 16:00,49.8,-80.21,-80.21
22/12/2023 16:15,49.8,81.67,81.67
22/12/2023 16:30,49.8,81.72,81.72
22/12/2023 16:45,49.8,82.53,82.53
22/12/2023 17:00,72,-14.18,-14.18
22/12/2023 17:15,72,59.85,59.85
22/12/2023 17:30,72,-40.62,-40.62
22/12/2023 17:45,72,-10.62,-10.62
22/12/2023 18:00,64.9,105.32,105.32
22/12/2023 18:15,64.9,91.71,91.71
22/12/2023 18:30,64.9,90.32,90.32
22/12/2023 18:45,64.9,43,43
22/12/2023 19:00,60.1,136.95,136.95
22/12/2023 19:15,60.1,-10.62,-10.62
22/12/2023 19:30,60.1,-10.62,-10.62
22/12/2023 19:45,60.1,55.16,55.16
22/12/2023 20:00,56.47,154.56,154.56
22/12/2023 20:15,56.47,136.17,136.17
22/12/2023 20:30,56.47,100.82,-10.62
22/12/2023 20:45,56.47,90.32,-25.62
22/12/2023 21:00,45.03,114.21,-25.62
22/12/2023 21:15,45.03,85.14,-40.62
22/12/2023 21:30,45.03,105.32,-60.62
22/12/2023 21:45,45.03,34.29,-163.69
22/12/2023 22:00,30.41,1832.2,-134.17
22/12/2023 22:15,30.41,105.32,105.32
22/12/2023 22:30,30.41,-8.49,-8.49
22/12/2023 22:45,30.41,66.35,-7.94
22/12/2023 23:00,12,164.2,164.2
22/12/2023 23:15,12,115.09,115.09
22/12/2023 23:30,12,12.31,12.31
22/12/2023 23:45,12,-20.63,-20.63
23/12/2023 00:00,10,131.45,-24.87
23/12/2023 00:15,10,92.2,92.2
23/12/2023 00:30,10,109.6,109.6
23/12/2023 00:45,10,109.6,109.6
23/12/2023 01:00,4.32,501.35,501.35
23/12/2023 01:15,4.32,189.87,189.87
23/12/2023 01:30,4.32,167.97,167.97
23/12/2023 01:45,4.32,92.3,92.3
23/12/2023 02:00,0.13,88,-20.26
23/12/2023 02:15,0.13,73.78,73.78
23/12/2023 02:30,0.13,86.23,86.23
23/12/2023 02:45,0.13,67.71,67.71
23/12/2023 03:00,0.03,89.76,-5.4
23/12/2023 03:15,0.03,-0.19,-0.19
23/12/2023 03:30,0.03,-5.4,-5.4
23/12/2023 03:45,0.03,-37.64,-37.64
23/12/2023 04:00,0,20.02,-311.77
23/12/2023 04:15,0,-311.77,-311.77
23/12/2023 04:30,0,-21.14,-21.14
23/12/2023 04:45,0,-119.6,-119.6
23/12/2023 05:00,0,-100.76,-100.76
23/12/2023 05:15,0,-67.01,-67.01
23/12/2023 05:30,0,-34.01,-34.01
23/12/2023 05:45,0,-3.88,-3.88
23/12/2023 06:00,0.1,20.02,20.02
23/12/2023 06:15,0.1,66.18,66.18
23/12/2023 06:30,0.1,78.02,78.02
23/12/2023 06:45,0.1,161.28,161.28
23/12/2023 07:00,7.43,86.22,86.22
23/12/2023 07:15,7.43,66.16,66.16
23/12/2023 07:30,7.43,83.01,83.01
23/12/2023 07:45,7.43,84.44,84.44
23/12/2023 08:00,20,-0.08,-0.08
23/12/2023 08:15,20,-0.08,-0.08
23/12/2023 08:30,20,-0.08,-0.08
23/12/2023 08:45,20,-0.08,-0.08
23/12/2023 09:00,42.08,94.03,94.03
23/12/2023 09:15,42.08,90.8,90.8
23/12/2023 09:30,42.08,89.76,89.76
23/12/2023 09:45,42.08,88.88,88.88
23/12/2023 10:00,41.64,90.84,90.84
23/12/2023 10:15,41.64,5.02,5.02
23/12/2023 10:30,41.64,8.83,8.83
23/12/2023 10:45,41.64,9.06,9.06
23/12/2023 11:00,45.9,15.25,15.25
23/12/2023 11:15,45.9,11.3,11.3
23/12/2023 11:30,45.9,11.5,11.5
23/12/2023 11:45,45.9,-25.62,-25.62
23/12/2023 12:00,46,84,84
23/12/2023 12:15,46,85.5,85.5
23/12/2023 12:30,46,12.95,12.95
23/12/2023 12:45,46,35.77,35.77
23/12/2023 13:00,49.81,35.77,35.77
23/12/2023 13:15,49.81,35.77,35.77
23/12/2023 13:30,49.81,35.77,35.77
23/12/2023 13:45,49.81,86.03,86.03
23/12/2023 14:00,49.3,84.5,84.5
23/12/2023 14:15,49.3,35.77,35.77
23/12/2023 14:30,49.3,92.14,92.14
23/12/2023 14:45,49.3,135.14,135.14
23/12/2023 15:00,49.51,132.33,-85.25
23/12/2023 15:15,49.51,43,43
23/12/2023 15:30,49.51,78.09,78.09
23/12/2023 15:45,49.51,40.38,40.38
23/12/2023 16:00,54.28,91.05,-67.14
23/12/2023 16:15,54.28,81.28,81.28
23/12/2023 16:30,54.28,81.31,81.31
23/12/2023 16:45,54.28,35.77,35.77
23/12/2023 17:00,63.77,123.9,123.9
23/12/2023 17:15,63.77,138.33,138.33
23/12/2023 17:30,63.77,97.51,97.51
23/12/2023 17:45,63.77,35.77,35.77
23/12/2023 18:00,66.45,108.17,108.17
23/12/2023 18:15,66.45,93.17,93.17
23/12/2023 18:30,66.45,91.28,91.28
23/12/2023 18:45,66.45,-11.16,-11.16
23/12/2023 19:00,57.99,96.92,-9.68
23/12/2023 19:15,57.99,90.84,35.77
23/12/2023 19:30,57.99,-9.68,-9.68
23/12/2023 19:45,57.99,-6.68,-6.68
23/12/2023 20:00,48.46,85.07,-14.07
23/12/2023 20:15,48.46,-15.4,-15.4
23/12/2023 20:30,48.46,87.68,-104.73
23/12/2023 20:45,48.46,121.43,-79.77
23/12/2023 21:00,38.37,84.84,84.84
23/12/2023 21:15,38.37,83.51,83.51
23/12/2023 21:30,38.37,-15.62,-15.62
23/12/2023 21:45,38.37,-35.69,-35.69
23/12/2023 22:00,20.32,35.77,35.77
23/12/2023 22:15,20.32,35.77,35.77
23/12/2023 22:30,20.32,92.2,92.2
23/12/2023 22:45,20.32,-13.65,-13.65
23/12/2023 23:00,7.77,35.77,35.77
23/12/2023 23:15,7.77,35.77,35.77
23/12/2023 23:30,7.77,35.77,35.77
23/12/2023 23:45,7.77,-7.74,-7.74
24/12/2023 00:00,0.08,-5.4,-5.4
24/12/2023 00:15,0.08,-2.69,-2.69
24/12/2023 00:30,0.08,-2.69,-2.69
24/12/2023 00:45,0.08,-163.69,-163.69
24/12/2023 01:00,-0.25,89.38,-68.96
24/12/2023 01:15,-0.25,4.16,4.16
24/12/2023 01:30,-0.25,1.65,1.65
24/12/2023 01:45,-0.25,-21.5,-21.5
24/12/2023 02:00,-0.55,15.25,3.2
24/12/2023 02:15,-0.55,-0.14,-0.14
24/12/2023 02:30,-0.55,-1.96,-1.96
24/12/2023 02:45,-0.55,61.1,-1.96
24/12/2023 03:00,-1.24,4.15,4.15
24/12/2023 03:15,-1.24,4.15,4.15
24/12/2023 03:30,-1.24,66.4,66.4
24/12/2023 03:45,-1.24,4.17,4.17
24/12/2023 04:00,-4.1,3.08,3.08
24/12/2023 04:15,-4.1,-0.11,-0.11
24/12/2023 04:30,-4.1,-0.2,-0.2
24/12/2023 04:45,-4.1,4.14,4.14
24/12/2023 05:00,-4.97,0.59,0.59
24/12/2023 05:15,-4.97,-0.15,-0.15
24/12/2023 05:30,-4.97,1.64,1.64
24/12/2023 05:45,-4.97,-1.98,-1.98
24/12/2023 06:00,-4.22,-6.55,-6.55
24/12/2023 06:15,-4.22,-5.23,-5.23
24/12/2023 06:30,-4.22,-6.71,-6.71
24/12/2023 06:45,-4.22,3.02,3.02
24/12/2023 07:00,-2.91,-6.65,-6.65
24/12/2023 07:15,-2.91,-6.48,-6.48
24/12/2023 07:30,-2.91,4.14,4.14
24/12/2023 07:45,-2.91,-6.71,-6.71
24/12/2023 08:00,-1.62,-25.03,-25.03
24/12/2023 08:15,-1.62,81.51,-21.47
24/12/2023 08:30,-1.62,61.12,-5.21
24/12/2023 08:45,-1.62,62.01,62.01
24/12/2023 09:00,0,65.24,-45.49
24/12/2023 09:15,0,-21.66,-21.66
24/12/2023 09:30,0,-44.98,-44.98
24/12/2023 09:45,0,61.9,-31.97
24/12/2023 10:00,2.09,74.45,-36.33
24/12/2023 10:15,2.09,-10.41,-10.41
24/12/2023 10:30,2.09,56.67,-48.73
24/12/2023 10:45,2.09,65.07,65.07
24/12/2023 11:00,0.06,501.35,-19.62
24/12/2023 11:15,0.06,501.35,501.35
24/12/2023 11:30,0.06,91.64,13.52
24/12/2023 11:45,0.06,95.04,95.04
24/12/2023 12:00,0.05,104.62,104.62
24/12/2023 12:15,0.05,91.64,91.64
24/12/2023 12:30,0.05,89.04,89.04
24/12/2023 12:45,0.05,91.85,91.85
24/12/2023 13:00,0.06,66.12,66.12
24/12/2023 13:15,0.06,-16.01,-16.01
24/12/2023 13:30,0.06,25.89,25.89
24/12/2023 13:45,0.06,66.29,66.29
24/12/2023 14:00,0.03,83.51,83.51
24/12/2023 14:15,0.03,66.45,66.45
24/12/2023 14:30,0.03,74.95,74.95
24/12/2023 14:45,0.03,59.59,59.59
24/12/2023 15:00,0.13,-8.65,-8.65
24/12/2023 15:15,0.13,25.89,25.89
24/12/2023 15:30,0.13,61.82,61.82
24/12/2023 15:45,0.13,65.05,65.05
24/12/2023 16:00,1,67.02,67.02
24/12/2023 16:15,1,67.02,67.02
24/12/2023 16:30,1,81.51,81.51
24/12/2023 16:45,1,91.8,91.8
24/12/2023 17:00,18.5,25.89,-20.19
24/12/2023 17:15,18.5,91.38,-27.69
24/12/2023 17:30,18.5,25.89,-5.18
24/12/2023 17:45,18.5,91.38,-6.68
24/12/2023 18:00,31.21,95.04,-14.19
24/12/2023 18:15,31.21,25.89,-6.68
24/12/2023 18:30,31.21,-14.19,-14.19
24/12/2023 18:45,31.21,-9.68,-9.68
24/12/2023 19:00,34.8,95.04,13.52
24/12/2023 19:15,34.8,79.51,-11.46
24/12/2023 19:30,34.8,82.04,-20.19
24/12/2023 19:45,34.8,135.4,-72.26
24/12/2023 20:00,10,83.12,83.12
24/12/2023 20:15,10,-15.12,-15.12
24/12/2023 20:30,10,-21.29,-21.29
24/12/2023 20:45,10,-14.82,-14.82
24/12/2023 21:00,2.01,-5.35,-5.35
24/12/2023 21:15,2.01,-12.4,-12.4
24/12/2023 21:30,2.01,-28.22,-28.22
24/12/2023 21:45,2.01,-51.65,-51.65
24/12/2023 22:00,0,61.14,-88.35
24/12/2023 22:15,0,-41.9,-41.9
24/12/2023 22:30,0,-28.09,-28.09
24/12/2023 22:45,0,-161.28,-161.28
24/12/2023 23:00,-0.1,141.07,-312
24/12/2023 23:15,-0.1,-51.07,-51.07
24/12/2023 23:30,-0.1,62.87,-126.38
24/12/2023 23:45,-0.1,61.4,-133.51
25/12/2023 00:00,-1.91,-59.93,-59.93
25/12/2023 00:15,-1.91,-8.81,-8.81
25/12/2023 00:30,-1.91,-16.39,-16.39
25/12/2023 00:45,-1.91,-29.3,-29.3
25/12/2023 01:00,-3.79,-11.99,-11.99
25/12/2023 01:15,-3.79,-16.32,-16.32
25/12/2023 01:30,-3.79,-40,-40
25/12/2023 01:45,-3.79,-113.49,-113.49
25/12/2023 02:00,-6.65,-224.38,-224.38
25/12/2023 02:15,-6.65,-73.68,-73.68
25/12/2023 02:30,-6.65,-32.43,-32.43
25/12/2023 02:45,-6.65,-15.78,-15.78
25/12/2023 03:00,-10.03,-16.54,-16.54
25/12/2023 03:15,-10.03,-29.36,-29.36
25/12/2023 03:30,-10.03,-38,-38
25/12/2023 03:45,-10.03,-38,-38
25/12/2023 04:00,-10,-38,-38
25/12/2023 04:15,-10,-178.8,-178.8
25/12/2023 04:30,-10,-40,-40
25/12/2023 04:45,-10,-20.69,-20.69
25/12/2023 05:00,-6.5,-106.53,-106.53
25/12/2023 05:15,-6.5,-19.79,-19.79
25/12/2023 05:30,-6.5,-38,-38
25/12/2023 05:45,-6.5,-40,-40
25/12/2023 06:00,-7.59,-40,-40
25/12/2023 06:15,-7.59,-40,-40
25/12/2023 06:30,-7.59,-43.91,-43.91
25/12/2023 06:45,-7.59,-224.38,-224.38
25/12/2023 07:00,-1.5,-170.71,-170.71
25/12/2023 07:15,-1.5,-151.05,-151.05
25/12/2023 07:30,-1.5,-75.26,-75.26
25/12/2023 07:45,-1.5,91.94,-56
25/12/2023 08:00,0.08,-224.38,-224.38
25/12/2023 08:15,0.08,-40,-40
25/12/2023 08:30,0.08,-19.68,-19.68
25/12/2023 08:45,0.08,106.42,106.42
25/12/2023 09:00,10.05,36.62,36.62
25/12/2023 09:15,10.05,82.04,82.04
25/12/2023 09:30,10.05,145.94,145.94
25/12/2023 09:45,10.05,89.04,89.04
25/12/2023 10:00,25,95.04,-14.31
25/12/2023 10:15,25,75.28,75.28
25/12/2023 10:30,25,96.79,96.79
25/12/2023 10:45,25,94.54,-15.93
25/12/2023 11:00,15.1,78.59,78.59
25/12/2023 11:15,15.1,-19.68,-19.68
25/12/2023 11:30,15.1,-14.68,-14.68
25/12/2023 11:45,15.1,-15.93,-15.93
25/12/2023 12:00,0.09,87.99,87.99
25/12/2023 12:15,0.09,119.25,119.25
25/12/2023 12:30,0.09,36.62,36.62
25/12/2023 12:45,0.09,84.8,-40
25/12/2023 13:00,0,-128.69,-128.69
25/12/2023 13:15,0,-97.39,-97.39
25/12/2023 13:30,0,-128.69,-128.69
25/12/2023 13:45,0,-163.69,-163.69
25/12/2023 14:00,0.07,-65.04,-65.04
25/12/2023 14:15,0.07,-54,-54
25/12/2023 14:30,0.07,-38,-38
25/12/2023 14:45,0.07,37.62,37.62
25/12/2023 15:00,5,36.62,36.62
25/12/2023 15:15,5,-10.4,-10.4
25/12/2023 15:30,5,-25.62,-25.62
25/12/2023 15:45,5,36.62,36.62
25/12/2023 16:00,34.99,-38,-38
25/12/2023 16:15,34.99,90.04,90.04
25/12/2023 16:30,34.99,74.5,74.5
25/12/2023 16:45,34.99,78.27,78.27
25/12/2023 17:00,52.5,-8.81,-8.81
25/12/2023 17:15,52.5,80.33,80.33
25/12/2023 17:30,52.5,-15.28,-15.28
25/12/2023 17:45,52.5,-40,-40
25/12/2023 18:00,40.1,105.36,-56
25/12/2023 18:15,40.1,-37.29,-37.29
25/12/2023 18:30,40.1,94.53,-89.01
25/12/2023 18:45,40.1,-81.01,-81.01
25/12/2023 19:00,33,-33.74,-33.74
25/12/2023 19:15,33,-40.62,-40.62
25/12/2023 19:30,33,-40,-40
25/12/2023 19:45,33,-38,-38
25/12/2023 20:00,12.01,-40,-40
25/12/2023 20:15,12.01,-89.85,-89.85
25/12/2023 20:30,12.01,-18.99,-18.99
25/12/2023 20:45,12.01,-15.93,-15.93
25/12/2023 21:00,9.62,82.04,82.04
25/12/2023 21:15,9.62,88.17,88.17
25/12/2023 21:30,9.62,86.23,86.23
25/12/2023 21:45,9.62,23.78,23.78
25/12/2023 22:00,5,136.81,136.81
25/12/2023 22:15,5,84.77,84.77
25/12/2023 22:30,5,87.99,87.99
25/12/2023 22:45,5,86.23,86.23
25/12/2023 23:00,0.08,148.41,148.41
25/12/2023 23:15,0.08,35.62,35.62
25/12/2023 23:30,0.08,26.4,26.4
25/12/2023 23:45,0.08,29,29
26/12/2023 00:00,0,-13.96,-13.96
26/12/2023 00:15,0,-8.52,-8.52
26/12/2023 00:30,0,-26.09,-26.09
26/12/2023 00:45,0,-40,-40
26/12/2023 01:00,-0.02,-62.99,-62.99
26/12/2023 01:15,-0.02,-50.85,-50.85
26/12/2023 01:30,-0.02,-43.66,-43.66
26/12/2023 01:45,-0.02,-37.97,-37.97
26/12/2023 02:00,-0.14,-40,-40
26/12/2023 02:15,-0.14,-18.47,-18.47
26/12/2023 02:30,-0.14,-35.01,-35.01
26/12/2023 02:45,-0.14,-28.2,-28.2
26/12/2023 03:00,-2.83,-25.76,-25.76
26/12/2023 03:15,-2.83,-25.76,-25.76
26/12/2023 03:30,-2.83,-38,-38
26/12/2023 03:45,-2.83,-30.76,-30.76
26/12/2023 04:00,-3.8,-51.78,-51.78
26/12/2023 04:15,-3.8,-39.59,-39.59
26/12/2023 04:30,-3.8,-38,-38
26/12/2023 04:45,-3.8,-28.02,-28.02
26/12/2023 05:00,-1.85,-40,-40
26/12/2023 05:15,-1.85,-38,-38
26/12/2023 05:30,-1.85,34.64,34.64
26/12/2023 05:45,-1.85,-21.72,-21.72
26/12/2023 06:00,0,-38,-38
26/12/2023 06:15,0,-40,-40
26/12/2023 06:30,0,-266.07,-266.07
26/12/2023 06:45,0,-205.11,-205.11
26/12/2023 07:00,1.62,-195.02,-195.02
26/12/2023 07:15,1.62,-40,-40
26/12/2023 07:30,1.62,-13.65,-13.65
26/12/2023 07:45,1.62,-8.81,-8.81
26/12/2023 08:00,38.21,-12.19,-12.19
26/12/2023 08:15,38.21,-24.34,-24.34
26/12/2023 08:30,38.21,-9.68,-9.68
26/12/2023 08:45,38.21,-23.32,-23.32
26/12/2023 09:00,51.7,42.95,42.95
26/12/2023 09:15,51.7,51.22,51.22
26/12/2023 09:30,51.7,53.26,53.26
26/12/2023 09:45,51.7,-8.81,-8.81
26/12/2023 10:00,48.88,392.88,-15.62
26/12/2023 10:15,48.88,49.95,49.95
26/12/2023 10:30,48.88,-15.62,-15.62
26/12/2023 10:45,48.88,-33.83,-33.83
26/12/2023 11:00,25.04,-25.62,-25.62
26/12/2023 11:15,25.04,-40,-40
26/12/2023 11:30,25.04,-25.62,-25.62
26/12/2023 11:45,25.04,-10.62,-10.62
26/12/2023 12:00,10,-8.97,-8.97
26/12/2023 12:15,10,85.93,85.93
26/12/2023 12:30,10,118.86,118.86
26/12/2023 12:45,10,115.98,115.98
26/12/2023 13:00,2.73,206.04,206.04
26/12/2023 13:15,2.73,184.93,184.93
26/12/2023 13:30,2.73,118.87,118.87
26/12/2023 13:45,2.73,300,300
26/12/2023 14:00,40.1,89.04,-40
26/12/2023 14:15,40.1,54.24,54.24
26/12/2023 14:30,40.1,121.71,121.71
26/12/2023 14:45,40.1,134.74,134.74
26/12/2023 15:00,74.2,300,300
26/12/2023 15:15,74.2,501.35,501.35
26/12/2023 15:30,74.2,1832.2,1832.2
26/12/2023 15:45,74.2,118.79,118.79
26/12/2023 16:00,91.9,133.93,-40
26/12/2023 16:15,91.9,196.83,196.83
26/12/2023 16:30,91.9,501.35,501.35
26/12/2023 16:45,91.9,96.46,96.46
26/12/2023 17:00,113.8,-13.71,-13.71
26/12/2023 17:15,113.8,96.46,96.46
26/12/2023 17:30,113.8,153.02,153.02
26/12/2023 17:45,113.8,387.8,387.8
26/12/2023 18:00,130,115.99,115.99
26/12/2023 18:15,130,75.33,75.33
26/12/2023 18:30,130,75.33,75.33
26/12/2023 18:45,130,92.21,92.21
26/12/2023 19:00,129,75.3,75.3
26/12/2023 19:15,129,62.12,62.12
26/12/2023 19:30,129,66.12,66.12
26/12/2023 19:45,129,74.23,74.23
26/12/2023 20:00,113.9,91.05,66.31
26/12/2023 20:15,113.9,106.36,106.36
26/12/2023 20:30,113.9,106.36,106.36
26/12/2023 20:45,113.9,53.8,53.8
26/12/2023 21:00,83.1,51.22,51.22
26/12/2023 21:15,83.1,52.79,52.79
26/12/2023 21:30,83.1,53.52,53.52
26/12/2023 21:45,83.1,53.26,53.26
26/12/2023 22:00,97.2,57.33,57.33
26/12/2023 22:15,97.2,115.99,115.99
26/12/2023 22:30,97.2,162.15,162.15
26/12/2023 22:45,97.2,162.15,162.15
26/12/2023 23:00,85,106.35,106.35
26/12/2023 23:15,85,162.15,162.15
26/12/2023 23:30,85,87.69,87.69
26/12/2023 23:45,85,-40,-40
27/12/2023 00:00,89.91,316.4,-1548.81
27/12/2023 00:15,89.91,285.51,76.59
27/12/2023 00:30,89.91,100.58,100.58
27/12/2023 00:45,89.91,100.58,100.58
27/12/2023 01:00,79.2,51.98,51.98
27/12/2023 01:15,79.2,110.19,110.19
27/12/2023 01:30,79.2,100.48,100.48
27/12/2023 01:45,79.2,110.19,110.19
27/12/2023 02:00,57.63,121.12,121.12
27/12/2023 02:15,57.63,99.69,99.69
27/12/2023 02:30,57.63,99.69,99.69
27/12/2023 02:45,57.63,73.6,73.6
27/12/2023 03:00,51.9,74.12,74.12
27/12/2023 03:15,51.9,53.5,53.5
27/12/2023 03:30,51.9,60.85,60.85
27/12/2023 03:45,51.9,49.93,49.93
27/12/2023 04:00,50.03,-8.81,-8.81
27/12/2023 04:15,50.03,26.9,26.9
27/12/2023 04:30,50.03,53.9,53.9
27/12/2023 04:45,50.03,49.8,49.8
27/12/2023 05:00,55.71,-15.33,-15.33
27/12/2023 05:15,55.71,-60.33,-60.33
27/12/2023 05:30,55.71,-128.33,-128.33
27/12/2023 05:45,55.71,-59.63,-59.63
27/12/2023 06:00,65.06,-47.76,-47.76
27/12/2023 06:15,65.06,38.13,38.13
27/12/2023 06:30,65.06,40.13,40.13
27/12/2023 06:45,65.06,84.92,84.92
27/12/2023 07:00,77.65,55.29,55.29
27/12/2023 07:15,77.65,29.13,29.13
27/12/2023 07:30,77.65,-26.45,-26.45
27/12/2023 07:45,77.65,-25.93,-25.93
27/12/2023 08:00,82.76,-107.46,-107.46
27/12/2023 08:15,82.76,-41.77,-41.77
27/12/2023 08:30,82.76,-15.93,-15.93
27/12/2023 08:45,82.76,102.51,-14.68
27/12/2023 09:00,80.54,129.04,40.13
27/12/2023 09:15,80.54,42.68,42.68
27/12/2023 09:30,80.54,40.13,40.13
27/12/2023 09:45,80.54,55.1,55.1
27/12/2023 10:00,74.89,40.13,40.13
27/12/2023 10:15,74.89,40.13,40.13
27/12/2023 10:30,74.89,40.13,40.13
27/12/2023 10:45,74.89,28.36,28.36
27/12/2023 11:00,74.71,123.4,54
27/12/2023 11:15,74.71,55.59,55.59
27/12/2023 11:30,74.71,55.59,55.59
27/12/2023 11:45,74.71,140.51,140.51
27/12/2023 12:00,73.79,1832.2,29.13
27/12/2023 12:15,73.79,168.51,-8.81
27/12/2023 12:30,73.79,122.51,122.51
27/12/2023 12:45,73.79,77.99,77.99
27/12/2023 13:00,72,124.85,124.85
27/12/2023 13:15,72,81.96,81.96
27/12/2023 13:30,72,81.94,81.94
27/12/2023 13:45,72,85.02,85.02
27/12/2023 14:00,73.7,55.6,55.6
27/12/2023 14:15,73.7,55.6,55.6
27/12/2023 14:30,73.7,70.83,70.83
27/12/2023 14:45,73.7,6.38,6.38
27/12/2023 15:00,80,51.13,51.13
27/12/2023 15:15,80,81.65,81.65
27/12/2023 15:30,80,81.64,81.64
27/12/2023 15:45,80,78.93,78.93
27/12/2023 16:00,79.16,28.36,28.36
27/12/2023 16:15,79.16,-18.61,-18.61
27/12/2023 16:30,79.16,29.13,29.13
27/12/2023 16:45,79.16,65.4,65.4
27/12/2023 17:00,80.38,55.29,55.29
27/12/2023 17:15,80.38,56.29,56.29
27/12/2023 17:30,80.38,56.29,56.29
27/12/2023 17:45,80.38,50.75,50.75
27/12/2023 18:00,74.38,52.7,52.7
27/12/2023 18:15,74.38,51.7,51.7
27/12/2023 18:30,74.38,49.7,49.7
27/12/2023 18:45,74.38,49.7,49.7
27/12/2023 19:00,64.9,52.75,52.75
27/12/2023 19:15,64.9,51.13,51.13
27/12/2023 19:30,64.9,-8.81,-8.81
27/12/2023 19:45,64.9,38.13,38.13
27/12/2023 20:00,54.73,-8.81,-8.81
27/12/2023 20:15,54.73,-21.03,-21.03
27/12/2023 20:30,54.73,-14.59,-14.59
27/12/2023 20:45,54.73,30,30
27/12/2023 21:00,24.74,76.49,-40.62
27/12/2023 21:15,24.74,-8.81,-8.81
27/12/2023 21:30,24.74,23.7,23.7
27/12/2023 21:45,24.74,23.7,23.7
27/12/2023 22:00,16.99,57.22,57.22
27/12/2023 22:15,16.99,-10.62,-10.62
27/12/2023 22:30,16.99,15.95,15.95
27/12/2023 22:45,16.99,-15.55,-15.55
27/12/2023 23:00,0.2,92.3,-10.62
27/12/2023 23:15,0.2,66.81,-10.46
27/12/2023 23:30,0.2,-8.81,-8.81
27/12/2023 23:45,0.2,-153.61,-153.61
28/12/2023 00:00,-0.02,72.04,-217.34
28/12/2023 00:15,-0.02,-11.48,-11.48
28/12/2023 00:30,-0.02,-12.02,-12.02
28/12/2023 00:45,-0.02,-38,-38
28/12/2023 01:00,-0.78,-18.78,-18.78
28/12/2023 01:15,-0.78,-6.24,-6.24
28/12/2023 01:30,-0.78,-16.78,-16.78
28/12/2023 01:45,-0.78,-16.78,-16.78
28/12/2023 02:00,-1.43,5.95,5.95
28/12/2023 02:15,-1.43,-4.81,-4.81
28/12/2023 02:30,-1.43,-6.81,-6.81
28/12/2023 02:45,-1.43,-6.21,-6.21
28/12/2023 03:00,-1.39,-6.08,-6.08
28/12/2023 03:15,-1.39,-8.81,-8.81
28/12/2023 03:30,-1.39,-18.58,-18.58
28/12/2023 03:45,-1.39,-19.39,-19.39
28/12/2023 04:00,-1.94,0.82,0.82
28/12/2023 04:15,-1.94,-6.74,-6.74
28/12/2023 04:30,-1.94,-15.46,-15.46
28/12/2023 04:45,-1.94,-6.71,-6.71
28/12/2023 05:00,-1.04,-8.81,-8.81
28/12/2023 05:15,-1.04,-31.82,-31.82
28/12/2023 05:30,-1.04,-8.81,-8.81
28/12/2023 05:45,-1.04,-0.32,-0.32
28/12/2023 06:00,-0.7,-77.38,-77.38
28/12/2023 06:15,-0.7,-73.78,-73.78
28/12/2023 06:30,-0.7,-40,-40
28/12/2023 06:45,-0.7,94.44,-11.08
28/12/2023 07:00,16.06,112.13,-136.8
28/12/2023 07:15,16.06,-8.81,-8.81
28/12/2023 07:30,16.06,-24.84,-24.84
28/12/2023 07:45,16.06,93.2,-40
28/12/2023 08:00,38.2,-193.48,-193.48
28/12/2023 08:15,38.2,-91.37,-91.37
28/12/2023 08:30,38.2,106.97,-309.77
28/12/2023 08:45,38.2,92.86,-42.3
28/12/2023 09:00,38.79,-40,-40
28/12/2023 09:15,38.79,-5.28,-5.28
28/12/2023 09:30,38.79,-12.68,-12.68
28/12/2023 09:45,38.79,-17.68,-17.68
28/12/2023 10:00,29.6,88.32,88.32
28/12/2023 10:15,29.6,60.14,60.14
28/12/2023 10:30,29.6,9.6,9.6
28/12/2023 10:45,29.6,-40,-40
28/12/2023 11:00,34.89,-25.62,-25.62
28/12/2023 11:15,34.89,-25.62,-25.62
28/12/2023 11:30,34.89,-54,-54
28/12/2023 11:45,34.89,-54,-54
28/12/2023 12:00,11.65,77.93,-56
28/12/2023 12:15,11.65,76.43,-40
28/12/2023 12:30,11.65,-10.62,-10.62
28/12/2023 12:45,11.65,-10.62,-10.62
28/12/2023 13:00,11.4,26.09,26.09
28/12/2023 13:15,11.4,34.86,34.86
28/12/2023 13:30,11.4,62.19,62.19
28/12/2023 13:45,11.4,50.54,50.54
28/12/2023 14:00,26.37,6.37,6.37
28/12/2023 14:15,26.37,-12.68,-12.68
28/12/2023 14:30,26.37,35.03,35.03
28/12/2023 14:45,26.37,85.59,-54
28/12/2023 15:00,50.72,-30.34,-30.34
28/12/2023 15:15,50.72,-40,-40
28/12/2023 15:30,50.72,93.1,93.1
28/12/2023 15:45,50.72,64.73,64.73
28/12/2023 16:00,40.87,-47.13,-47.13
28/12/2023 16:15,40.87,83.86,-40
28/12/2023 16:30,40.87,83.86,-40
28/12/2023 16:45,40.87,-8.56,-8.56
28/12/2023 17:00,78.4,66.73,66.73
28/12/2023 17:15,78.4,75.81,75.81
28/12/2023 17:30,78.4,60.14,60.14
28/12/2023 17:45,78.4,34.86,34.86
28/12/2023 18:00,78.4,98.23,30.56
28/12/2023 18:15,78.4,62.19,62.19
28/12/2023 18:30,78.4,35.03,35.03
28/12/2023 18:45,78.4,67.62,67.62
28/12/2023 19:00,65.02,21.86,21.86
28/12/2023 19:15,65.02,10.02,10.02
28/12/2023 19:30,65.02,-8.81,-8.81
28/12/2023 19:45,65.02,91.3,16.02
28/12/2023 20:00,64.9,-10.61,-10.61
28/12/2023 20:15,64.9,93.3,-77.6
28/12/2023 20:30,64.9,-15.94,-15.94
28/12/2023 20:45,64.9,-15.94,-15.94
28/12/2023 21:00,54,-10.62,-10.62
28/12/2023 21:15,54,49.41,-40
28/12/2023 21:30,54,91.2,-38
28/12/2023 21:45,54,-32,-32
28/12/2023 22:00,40,-10.62,-10.62
28/12/2023 22:15,40,-15.62,-15.62
28/12/2023 22:30,40,-10.62,-10.62
28/12/2023 22:45,40,-15.62,-15.62
28/12/2023 23:00,2,30,30
28/12/2023 23:15,2,48.64,48.64
28/12/2023 23:30,2,39.49,39.49
28/12/2023 23:45,2,-211.61,-211.61
29/12/2023 00:00,0,89.73,-261
29/12/2023 00:15,0,-30.9,-30.9
29/12/2023 00:30,0,-21.15,-21.15
29/12/2023 00:45,0,-30.67,-30.67
29/12/2023 01:00,-0.08,127.15,-8.81
29/12/2023 01:15,-0.08,92.86,92.86
29/12/2023 01:30,-0.08,34.97,34.97
29/12/2023 01:45,-0.08,3.9,3.9
29/12/2023 02:00,-0.28,34.98,34.98
29/12/2023 02:15,-0.28,-5.08,-5.08
29/12/2023 02:30,-0.28,-5.08,-5.08
29/12/2023 02:45,-0.28,32.46,32.46
29/12/2023 03:00,-1.51,-10.08,-10.08
29/12/2023 03:15,-1.51,-10.08,-10.08
29/12/2023 03:30,-1.51,-10.08,-10.08
29/12/2023 03:45,-1.51,-15.5,-15.5
29/12/2023 04:00,-1.27,92.86,-25.08
29/12/2023 04:15,-1.27,66.04,-44.79
29/12/2023 04:30,-1.27,66.04,66.04
29/12/2023 04:45,-1.27,65.5,-34.33
29/12/2023 05:00,-0.28,3.97,3.97
29/12/2023 05:15,-0.28,-15.55,-15.55
29/12/2023 05:30,-0.28,39.98,39.98
29/12/2023 05:45,-0.28,93.4,-13.41
29/12/2023 06:00,-0.07,-34.21,-34.21
29/12/2023 06:15,-0.07,77.69,-36.33
29/12/2023 06:30,-0.07,91.62,-27.99
29/12/2023 06:45,-0.07,121.99,-6.81
29/12/2023 07:00,0.1,192.57,-261
29/12/2023 07:15,0.1,-35.92,-35.92
29/12/2023 07:30,0.1,98.68,-65.2
29/12/2023 07:45,0.1,79.5,-20.27
29/12/2023 08:00,25,-100.69,-100.69
29/12/2023 08:15,25,-40.69,-40.69
29/12/2023 08:30,25,-22.11,-22.11
29/12/2023 08:45,25,-8.81,-8.81
29/12/2023 09:00,59,95.7,95.7
29/12/2023 09:15,59,23.19,23.19
29/12/2023 09:30,59,29.19,29.19
29/12/2023 09:45,59,93.19,25.19
29/12/2023 10:00,60.05,137.87,137.87
29/12/2023 10:15,60.05,79.58,79.58
29/12/2023 10:30,60.05,79.58,-8.81
29/12/2023 10:45,60.05,127.15,-25.62
29/12/2023 11:00,50.04,87.87,-8.81
29/12/2023 11:15,50.04,78.92,78.92
29/12/2023 11:30,50.04,78.92,78.92
29/12/2023 11:45,50.04,65.76,65.76
29/12/2023 12:00,30.44,78.57,78.57
29/12/2023 12:15,30.44,-25.62,-25.62
29/12/2023 12:30,30.44,93.65,-40.62
29/12/2023 12:45,30.44,137.85,-79.99
29/12/2023 13:00,17.13,89.19,89.19
29/12/2023 13:15,17.13,105.8,-8.81
29/12/2023 13:30,17.13,127.15,127.15
29/12/2023 13:45,17.13,128.29,128.29
29/12/2023 14:00,41.28,138.25,-85.62
29/12/2023 14:15,41.28,139.94,-8.81
29/12/2023 14:30,41.28,75.41,75.41
29/12/2023 14:45,41.28,78.8,78.8
29/12/2023 15:00,60,85.63,-11.68
29/12/2023 15:15,60,125.98,-128.25
29/12/2023 15:30,60,138.92,72.53
29/12/2023 15:45,60,29.19,29.19
29/12/2023 16:00,73.7,-40.03,-40.03
29/12/2023 16:15,73.7,76.89,76.89
29/12/2023 16:30,73.7,1832.2,1832.2
29/12/2023 16:45,73.7,1832.2,1832.2
29/12/2023 17:00,75.1,501.35,-58.57
29/12/2023 17:15,75.1,501.35,501.35
29/12/2023 17:30,75.1,255.19,255.19
29/12/2023 17:45,75.1,1832.2,1832.2
29/12/2023 18:00,69.53,98.67,98.67
29/12/2023 18:15,69.53,53.05,53.05
29/12/2023 18:30,69.53,44,44
29/12/2023 18:45,69.53,96.67,29.19
29/12/2023 19:00,74.9,592.58,592.58
29/12/2023 19:15,74.9,-42.3,-42.3
29/12/2023 19:30,74.9,-31.59,-31.59
29/12/2023 19:45,74.9,-105.32,-105.32
29/12/2023 20:00,62.54,143.39,-11.68
29/12/2023 20:15,62.54,-8.81,-8.81
29/12/2023 20:30,62.54,92.52,-30.09
29/12/2023 20:45,62.54,92.52,-207.32
29/12/2023 21:00,54.89,162.71,-15.74
29/12/2023 21:15,54.89,87.97,-13.11
29/12/2023 21:30,54.89,-14.99,-14.99
29/12/2023 21:45,54.89,-30.09,-30.09
29/12/2023 22:00,36.04,-11.68,-11.68
29/12/2023 22:15,36.04,93.3,-11.68
29/12/2023 22:30,36.04,85.19,-27.56
29/12/2023 22:45,36.04,-8.81,-8.81
29/12/2023 23:00,19.35,141.46,141.46
29/12/2023 23:15,19.35,-44.77,-44.77
29/12/2023 23:30,19.35,-37.61,-37.61
29/12/2023 23:45,19.35,-8.81,-8.81
30/12/2023 00:00,32.49,79.24,28.92
30/12/2023 00:15,32.49,66.78,66.78
30/12/2023 00:30,32.49,-9.7,-9.7
30/12/2023 00:45,32.49,-9.7,-9.7
30/12/2023 01:00,29.16,95.21,95.21
30/12/2023 01:15,29.16,89.96,89.96
30/12/2023 01:30,29.16,84.74,84.74
30/12/2023 01:45,29.16,84.16,54.24
30/12/2023 02:00,8.88,-6.45,-6.45
30/12/2023 02:15,8.88,79.76,-19.84
30/12/2023 02:30,8.88,84.76,-26.09
30/12/2023 02:45,8.88,-11.46,-11.46
30/12/2023 03:00,5.61,-34.06,-34.06
30/12/2023 03:15,5.61,-29.06,-29.06
30/12/2023 03:30,5.61,-11.46,-11.46
30/12/2023 03:45,5.61,-34.28,-34.28
30/12/2023 04:00,5.74,-73.43,-73.43
30/12/2023 04:15,5.74,-29.06,-29.06
30/12/2023 04:30,5.74,-29.05,-29.05
30/12/2023 04:45,5.74,-21.36,-21.36
30/12/2023 05:00,10,-38,-38
30/12/2023 05:15,10,-22.34,-22.34
30/12/2023 05:30,10,-9.68,-9.68
30/12/2023 05:45,10,-16.34,-16.34
30/12/2023 06:00,32.17,-65.83,-65.83
30/12/2023 06:15,32.17,-40,-40
30/12/2023 06:30,32.17,-8.81,-8.81
30/12/2023 06:45,32.17,-19.23,-19.23
30/12/2023 07:00,44.9,65.46,-50.17
30/12/2023 07:15,44.9,-44.45,-44.45
30/12/2023 07:30,44.9,84.17,84.17
30/12/2023 07:45,44.9,-47.13,-47.13
30/12/2023 08:00,73.5,53.29,53.29
30/12/2023 08:15,73.5,2.13,2.13
30/12/2023 08:30,73.5,-7.74,-7.74
30/12/2023 08:45,73.5,28.46,28.46
30/12/2023 09:00,73.5,68.38,68.38
30/12/2023 09:15,73.5,22.46,22.46
30/12/2023 09:30,73.5,-13.71,-13.71
30/12/2023 09:45,73.5,96.75,-26.99
30/12/2023 10:00,53,2.29,2.29
30/12/2023 10:15,53,-105.99,-105.99
30/12/2023 10:30,53,-40,-40
30/12/2023 10:45,53,-29.69,-29.69
30/12/2023 11:00,55,88.46,-29.77
30/12/2023 11:15,55,87.33,-29.77
30/12/2023 11:30,55,22.46,22.46
30/12/2023 11:45,55,-8.81,-8.81
30/12/2023 12:00,36.38,21.38,21.38
30/12/2023 12:15,36.38,84.16,-29.77
30/12/2023 12:30,36.38,52.49,52.49
30/12/2023 12:45,36.38,2.29,2.29
30/12/2023 13:00,33.25,18.25,18.25
30/12/2023 13:15,33.25,53.54,53.54
30/12/2023 13:30,33.25,-8.81,-8.81
30/12/2023 13:45,33.25,-29.77,-29.77
30/12/2023 14:00,42.04,-40,-40
30/12/2023 14:15,42.04,-44.77,-44.77
30/12/2023 14:30,42.04,-26.68,-26.68
30/12/2023 14:45,42.04,-138.91,-138.91
30/12/2023 15:00,73.5,118.46,-267.63
30/12/2023 15:15,73.5,35.46,35.46
30/12/2023 15:30,73.5,76.02,76.02
30/12/2023 15:45,73.5,207.4,207.4
30/12/2023 16:00,70.62,258.96,258.96
30/12/2023 16:15,70.62,144.17,144.17
30/12/2023 16:30,70.62,170.62,170.62
30/12/2023 16:45,70.62,125.7,125.7
30/12/2023 17:00,79.51,77.01,77.01
30/12/2023 17:15,79.51,81.12,81.12
30/12/2023 17:30,79.51,-20.49,-20.49
30/12/2023 17:45,79.51,-40,-40
30/12/2023 18:00,79.99,53.44,53.44
30/12/2023 18:15,79.99,53.5,53.5
30/12/2023 18:30,79.99,-8.81,-8.81
30/12/2023 18:45,79.99,50.46,50.46
30/12/2023 19:00,71.09,88.09,88.09
30/12/2023 19:15,71.09,73.09,73.09
30/12/2023 19:30,71.09,58.09,58.09
30/12/2023 19:45,71.09,89.96,37.19
30/12/2023 20:00,62.01,145.06,145.06
30/12/2023 20:15,62.01,94.09,94.09
30/12/2023 20:30,62.01,-8.81,-8.81
30/12/2023 20:45,62.01,-19.1,-19.1
30/12/2023 21:00,52.78,85.93,85.93
30/12/2023 21:15,52.78,73.09,73.09
30/12/2023 21:30,52.78,-40,-40
30/12/2023 21:45,52.78,-13.84,-13.84
30/12/2023 22:00,50.1,87.7,-21.7
30/12/2023 22:15,50.1,-40,-40
30/12/2023 22:30,50.1,81.09,-34.66
30/12/2023 22:45,50.1,75.09,-29.32
30/12/2023 23:00,43.23,53.32,53.32
30/12/2023 23:15,43.23,-14.84,-14.84
30/12/2023 23:30,43.23,-9.7,-9.7
30/12/2023 23:45,43.23,-19.27,-19.27
31/12/2023 00:00,34.91,82.11,-91.4
31/12/2023 00:15,34.91,25.22,25.22
31/12/2023 00:30,34.91,-2.16,-2.16
31/12/2023 00:45,34.91,-5.95,-5.95
31/12/2023 01:00,12.56,92.43,92.43
31/12/2023 01:15,12.56,99.92,99.92
31/12/2023 01:30,12.56,85.64,85.64
31/12/2023 01:45,12.56,-16.39,-16.39
31/12/2023 02:00,4,95.02,95.02
31/12/2023 02:15,4,86.44,86.44
31/12/2023 02:30,4,83.88,83.88
31/12/2023 02:45,4,-2.17,-2.17
31/12/2023 03:00,0.31,93.75,93.75
31/12/2023 03:15,0.31,88.55,88.55
31/12/2023 03:30,0.31,85.91,85.91
31/12/2023 03:45,0.31,-15.81,-15.81
31/12/2023 04:00,0.13,-6.45,-6.45
31/12/2023 04:15,0.13,-54.29,-54.29
31/12/2023 04:30,0.13,-38,-38
31/12/2023 04:45,0.13,-36.84,-36.84
31/12/2023 05:00,0.38,-126.18,-126.18
31/12/2023 05:15,0.38,-60.05,-60.05
31/12/2023 05:30,0.38,-36.29,-36.29
31/12/2023 05:45,0.38,-40,-40
31/12/2023 06:00,-0.41,-58.57,-58.57
31/12/2023 06:15,-0.41,-37.53,-37.53
31/12/2023 06:30,-0.41,-40,-40
31/12/2023 06:45,-0.41,-40,-40
31/12/2023 07:00,-0.38,64.38,-32.32
31/12/2023 07:15,-0.38,-18.04,-18.04
31/12/2023 07:30,-0.38,-18.04,-18.04
31/12/2023 07:45,-0.38,81.13,81.13
31/12/2023 08:00,3.24,65.46,65.46
31/12/2023 08:15,3.24,66.39,66.39
31/12/2023 08:30,3.24,35.21,35.21
31/12/2023 08:45,3.24,34.85,34.85
31/12/2023 09:00,9.36,15.22,-25.33
31/12/2023 09:15,9.36,-3.23,-3.23
31/12/2023 09:30,9.36,-3.23,-3.23
31/12/2023 09:45,9.36,-4.26,-4.26
31/12/2023 10:00,14,-3.23,-3.23
31/12/2023 10:15,14,39.39,39.39
31/12/2023 10:30,14,55.91,55.91
31/12/2023 10:45,14,82.1,82.1
31/12/2023 11:00,10.68,81.13,81.13
31/12/2023 11:15,10.68,79.57,79.57
31/12/2023 11:30,10.68,81.13,-11.68
31/12/2023 11:45,10.68,55.91,55.91
31/12/2023 12:00,11,15.22,15.22
31/12/2023 12:15,11,25.22,25.22
31/12/2023 12:30,11,-3.23,-3.23
31/12/2023 12:45,11,-3.23,-3.23
31/12/2023 13:00,6.09,-128.25,-128.25
31/12/2023 13:15,6.09,-44.77,-44.77
31/12/2023 13:30,6.09,-26.68,-26.68
31/12/2023 13:45,6.09,-16.68,-16.68
31/12/2023 14:00,8.54,-14.61,-14.61
31/12/2023 14:15,8.54,70.13,70.13
31/12/2023 14:30,8.54,78.17,-38
31/12/2023 14:45,8.54,79.67,-11.68
31/12/2023 15:00,13.24,77.03,77.03
31/12/2023 15:15,13.24,76.13,76.13
31/12/2023 15:30,13.24,-3.23,-3.23
31/12/2023 15:45,13.24,-3.23,-3.23
31/12/2023 16:00,28.07,61.3,-23.84
31/12/2023 16:15,28.07,-19.07,-19.07
31/12/2023 16:30,28.07,-27.7,-27.7
31/12/2023 16:45,28.07,-3.12,-3.12
31/12/2023 17:00,50,42,42
31/12/2023 17:15,50,85.9,85.9
31/12/2023 17:30,50,15.22,15.22
31/12/2023 17:45,50,82.11,82.11
31/12/2023 18:00,45,-15.74,-15.74
31/12/2023 18:15,45,42,-40.3
31/12/2023 18:30,45,-29.04,-29.04
31/12/2023 18:45,45,-24.77,-24.77
31/12/2023 19:00,39.64,-30.09,-30.09
31/12/2023 19:15,39.64,-40,-40
31/12/2023 19:30,39.64,-67.52,-67.52
31/12/2023 19:45,39.64,-37.45,-37.45
31/12/2023 20:00,34.89,-29.03,-29.03
31/12/2023 20:15,34.89,88.17,-180.02
31/12/2023 20:30,34.89,68.13,-207.32
31/12/2023 20:45,34.89,-228.93,-228.93
31/12/2023 21:00,13.3,-40,-40
31/12/2023 21:15,13.3,-19.08,-19.08
31/12/2023 21:30,13.3,-40,-40
31/12/2023 21:45,13.3,-17.84,-17.84
31/12/2023 22:00,10.68,-9.44,-9.44
31/12/2023 22:15,10.68,-15.39,-15.39
31/12/2023 22:30,10.68,-8.47,-8.47
31/12/2023 22:45,10.68,-6.81,-6.81
31/12/2023 23:00,3.17,-8.79,-8.79
31/12/2023 23:15,3.17,-7.92,-7.92
31/12/2023 23:30,3.17,-6.81,-6.81
31/12/2023 23:45,3.17,-6.81,-6.81
