From_NL,Imbalance_Volume_MWh,E_Imbalance_Volume_MWh,V_Imbalance_Volume_MWh
10/12/2023 10:45,-2.538,2.462257,-2.537743
10/12/2023 11:00,1.529,-2.22097,1.52903
10/12/2023 11:15,3.104,-0.646443,3.103557
10/12/2023 11:30,4.261,0.510902,4.260902
10/12/2023 11:45,4.995,1.24495,4.99495
10/12/2023 12:00,3.869,0.118845,3.868845
10/12/2023 12:15,3.425,-0.325332,3.424668
10/12/2023 12:30,1.429,-2.321149,1.428851
10/12/2023 12:45,-0.08,-3.829383,-0.079383
10/12/2023 13:00,-0.838,-0.837982,-0.837982
10/12/2023 13:15,-4.327,-4.326981,-4.326981
10/12/2023 13:30,-5.485,-5.485575,-5.485575
10/12/2023 13:45,-6.205,-6.204443,-6.204443
10/12/2023 14:00,0.6,0.600213,0.600213
10/12/2023 14:15,-1.299,-1.298574,-1.298574
10/12/2023 14:30,-2.742,-2.742399,-2.742399
10/12/2023 14:45,-4.632,-4.63235,-4.63235
10/12/2023 15:00,3.125,3.125262,3.125262
10/12/2023 15:15,1.263,1.262192,1.262192
10/12/2023 15:30,0.254,0.254668,0.254668
10/12/2023 15:45,-1.043,-1.043005,-1.043005
10/12/2023 16:00,4.274,4.274531,4.274531
10/12/2023 16:15,3.736,3.735638,3.735638
10/12/2023 16:30,3.724,3.723916,3.723916
10/12/2023 16:45,3.185,3.185123,3.185123
10/12/2023 17:00,4.019,4.018973,4.018973
10/12/2023 17:15,4.351,4.350703,4.350703
10/12/2023 17:30,4.952,4.952243,4.952243
10/12/2023 17:45,5.182,5.182089,5.182089
10/12/2023 18:00,4.209,4.209624,4.209624
10/12/2023 18:15,4.146,4.146224,4.146224
10/12/2023 18:30,4.672,4.672606,4.672606
10/12/2023 18:45,4.844,4.844772,4.844772
10/12/2023 19:00,3.629,3.628936,3.628936
10/12/2023 19:15,3.751,3.751035,3.751035
10/12/2023 19:30,4.273,4.272858,4.272858
10/12/2023 19:45,4.777,4.776114,4.776114
10/12/2023 20:00,2.574,2.573779,2.573779
10/12/2023 20:15,3.345,3.344436,3.344436
10/12/2023 20:30,4.681,4.68025,4.68025
10/12/2023 20:45,5.928,5.928151,5.928151
10/12/2023 21:00,3.698,3.69806,3.69806
10/12/2023 21:15,5.185,5.185484,5.185484
10/12/2023 21:30,5.87,5.870071,5.870071
10/12/2023 21:45,6.928,6.927952,6.927952
10/12/2023 22:00,4.386,4.386795,4.386795
10/12/2023 22:15,5.05,5.050638,5.050638
10/12/2023 22:30,6.026,6.025906,6.025906
10/12/2023 22:45,7.111,7.11081,7.11081
10/12/2023 23:00,4.328,4.327339,4.327339
10/12/2023 23:15,5.041,5.040296,5.040296
10/12/2023 23:30,6.048,6.048757,6.048757
10/12/2023 23:45,7.133,7.133755,7.133755
11/12/2023 00:00,4.441,4.441089,4.441089
11/12/2023 00:15,4.449,4.448774,4.448774
11/12/2023 00:30,4.873,4.872695,4.872695
11/12/2023 00:45,5.731,5.730784,5.730784
11/12/2023 01:00,4.307,4.307478,4.307478
11/12/2023 01:15,4.375,4.374581,4.374581
11/12/2023 01:30,4.909,4.909373,4.909373
11/12/2023 01:45,4.99,4.990063,4.990063
11/12/2023 02:00,4.537,4.536358,4.536358
11/12/2023 02:15,4.519,4.518786,4.518786
11/12/2023 02:30,4.666,4.666028,4.666028
11/12/2023 02:45,4.7,4.699215,4.699215
11/12/2023 03:00,4.282,4.282034,4.282034
11/12/2023 03:15,4.196,4.196044,4.196044
11/12/2023 03:30,4.414,4.41361,4.41361
11/12/2023 03:45,4.164,4.163326,4.163326
11/12/2023 04:00,4.635,4.635174,4.635174
11/12/2023 04:15,4.244,4.243771,4.243771
11/12/2023 04:30,4.393,4.393708,4.393708
11/12/2023 04:45,4.147,4.146578,4.146578
11/12/2023 05:00,5.852,5.851723,5.851723
11/12/2023 05:15,5.114,5.113652,5.113652
11/12/2023 05:30,3.927,3.927037,3.927037
11/12/2023 05:45,2.285,2.28472,2.28472
11/12/2023 06:00,8.6,8.600704,8.600704
11/12/2023 06:15,5.812,5.81109,5.81109
11/12/2023 06:30,2.59,2.590829,2.590829
11/12/2023 06:45,-0.567,-0.567471,-0.567471
11/12/2023 07:00,10.955,10.955252,10.955252
11/12/2023 07:15,6.869,6.868643,6.868643
11/12/2023 07:30,2.332,2.332265,2.332265
11/12/2023 07:45,-1.827,-1.827624,-1.827624
11/12/2023 08:00,8.613,8.612968,8.612968
11/12/2023 08:15,5.362,5.361852,5.361852
11/12/2023 08:30,2.964,2.964089,2.964089
11/12/2023 08:45,1.465,1.465043,1.465043
11/12/2023 09:00,-0.633,3.11713,-0.63287
11/12/2023 09:15,-0.189,3.560483,-0.189517
11/12/2023 09:30,1.394,5.143788,1.393788
11/12/2023 09:45,2.982,6.732893,2.982893
11/12/2023 10:00,-1.854,4.395774,-1.854226
11/12/2023 10:15,-1.253,4.996859,-1.253141
11/12/2023 10:30,0.072,6.321998,0.071998
11/12/2023 10:45,1.599,7.849314,1.599314
11/12/2023 11:00,-2.72,4.780035,-2.719965
11/12/2023 11:15,-1.483,6.016926,-1.483074
11/12/2023 11:30,-0.23,7.270919,-0.229081
11/12/2023 11:45,0.841,8.340462,0.840462
11/12/2023 12:00,1.211,4.961566,1.211566
11/12/2023 12:15,3.095,6.845748,3.095748
11/12/2023 12:30,5.947,9.697818,5.947818
11/12/2023 12:45,5.972,9.721445,5.971445
11/12/2023 13:00,11.934,6.934392,11.934392
11/12/2023 13:15,10.134,5.133575,10.133575
11/12/2023 13:30,8.339,3.339095,8.339095
11/12/2023 13:45,7.563,2.563241,7.563241
11/12/2023 14:00,1.792,5.541822,1.791822
11/12/2023 14:15,1.444,5.193995,1.443995
11/12/2023 14:30,0.264,4.013785,0.263785
11/12/2023 14:45,-2.138,1.612145,-2.137855
11/12/2023 15:00,-0.8,5.449095,-0.800905
11/12/2023 15:15,-2.448,3.801894,-2.448106
11/12/2023 15:30,-3.904,2.345882,-3.904118
11/12/2023 15:45,-4.599,1.650372,-4.599628
11/12/2023 16:00,-2.024,2.975672,-2.024328
11/12/2023 16:15,-2.216,2.783934,-2.216066
11/12/2023 16:30,-1.084,3.915882,-1.084118
11/12/2023 16:45,0.011,5.010898,0.010898
11/12/2023 17:00,-3.867,1.133332,-3.866668
11/12/2023 17:15,-2.382,2.617778,-2.382222
11/12/2023 17:30,-0.448,4.552079,-0.447921
11/12/2023 17:45,0.8,5.799989,0.799989
11/12/2023 18:00,-4.27,0.730298,-4.269702
11/12/2023 18:15,-2.555,2.44438,-2.55562
11/12/2023 18:30,-1.661,3.338926,-1.661074
11/12/2023 18:45,-1.105,3.895444,-1.104556
11/12/2023 19:00,-2.96,0.789149,-2.960851
11/12/2023 19:15,-2.013,1.737092,-2.012908
11/12/2023 19:30,-1.158,2.592933,-1.157067
11/12/2023 19:45,-0.319,3.430923,-0.319077
11/12/2023 20:00,-2.109,0.390191,-2.109809
11/12/2023 20:15,-1.03,1.470263,-1.029737
11/12/2023 20:30,0.471,2.97119,0.47119
11/12/2023 20:45,1.703,4.202777,1.702777
11/12/2023 21:00,-2.249,0.251664,-2.248336
11/12/2023 21:15,-1.227,1.272479,-1.227521
11/12/2023 21:30,-0.068,2.431878,-0.068122
11/12/2023 21:45,1.314,3.814069,1.314069
11/12/2023 22:00,0.378,0.377722,0.377722
11/12/2023 22:15,1.123,1.123561,1.123561
11/12/2023 22:30,2.131,2.131536,2.131536
11/12/2023 22:45,3.061,3.060695,3.060695
11/12/2023 23:00,0.315,0.315224,0.315224
11/12/2023 23:15,1.537,1.536997,1.536997
11/12/2023 23:30,2.411,2.411336,2.411336
11/12/2023 23:45,3.424,3.424161,3.424161
12/12/2023 00:00,0.965,0.965538,0.965538
12/12/2023 00:15,1.364,1.36405,1.36405
12/12/2023 00:30,2.077,2.077245,2.077245
12/12/2023 00:45,2.589,2.589035,2.589035
12/12/2023 01:00,1.053,1.053729,1.053729
12/12/2023 01:15,1.616,1.616723,1.616723
12/12/2023 01:30,2.069,2.068089,2.068089
12/12/2023 01:45,2.246,2.245966,2.245966
12/12/2023 02:00,1.57,1.569502,1.569502
12/12/2023 02:15,1.818,1.817549,1.817549
12/12/2023 02:30,2.094,2.094016,2.094016
12/12/2023 02:45,2.143,2.143261,2.143261
12/12/2023 03:00,1.474,1.473754,1.473754
12/12/2023 03:15,1.553,1.552269,1.552269
12/12/2023 03:30,1.65,1.650063,1.650063
12/12/2023 03:45,1.595,1.594681,1.594681
12/12/2023 04:00,1.888,1.888601,1.888601
12/12/2023 04:15,1.539,1.539327,1.539327
12/12/2023 04:30,1.386,1.385674,1.385674
12/12/2023 04:45,1.18,1.17996,1.17996
12/12/2023 05:00,2.863,2.86325,2.86325
12/12/2023 05:15,1.943,1.942498,1.942498
12/12/2023 05:30,0.596,0.595399,0.595399
12/12/2023 05:45,-1.02,-1.020179,-1.020179
12/12/2023 06:00,5.6,5.600488,5.600488
12/12/2023 06:15,2.753,2.752936,2.752936
12/12/2023 06:30,0.018,0.018512,0.018512
12/12/2023 06:45,-3.191,-3.190818,-3.190818
12/12/2023 07:00,8.067,8.067271,8.067271
12/12/2023 07:15,4.237,4.237506,4.237506
12/12/2023 07:30,-0.156,-0.156256,-0.156256
12/12/2023 07:45,-4.029,-4.029039,-4.029039
12/12/2023 08:00,2.119,5.869271,2.119271
12/12/2023 08:15,-0.282,3.468693,-0.281307
12/12/2023 08:30,-1.679,2.070319,-1.679681
12/12/2023 08:45,-2.396,1.353594,-2.396406
12/12/2023 09:00,2.133,5.883245,2.133245
12/12/2023 09:15,3.481,7.230814,3.480814
12/12/2023 09:30,6.031,9.780813,6.030813
12/12/2023 09:45,8.115,11.864897,8.114897
12/12/2023 10:00,8.45,10.94978,8.44978
12/12/2023 10:15,10.36,12.859541,10.359541
12/12/2023 10:30,11.839,14.33914,11.83914
12/12/2023 10:45,13.383,15.882964,13.382964
12/12/2023 11:00,9.883,13.632758,9.882758
12/12/2023 11:15,10.698,14.448136,10.698136
12/12/2023 11:30,11.395,15.145417,11.395417
12/12/2023 11:45,12.656,16.405386,12.655386
12/12/2023 12:00,10.121,13.871055,10.121055
12/12/2023 12:15,10.35,14.09946,10.34946
12/12/2023 12:30,10.19,13.940815,10.190815
12/12/2023 12:45,8.879,12.62932,8.87932
12/12/2023 13:00,4.452,10.702275,4.452275
12/12/2023 13:15,2.284,8.534551,2.284551
12/12/2023 13:30,0.737,6.986938,0.736938
12/12/2023 13:45,0.091,6.341417,0.091417
12/12/2023 14:00,4.581,7.58122,4.58122
12/12/2023 14:15,3.303,6.303178,3.303178
12/12/2023 14:30,3.925,6.925914,3.925914
12/12/2023 14:45,2.742,5.741614,2.741614
12/12/2023 15:00,4.058,7.808089,4.058089
12/12/2023 15:15,2.145,5.894369,2.144369
12/12/2023 15:30,1.12,4.869851,1.119851
12/12/2023 15:45,1.059,4.808584,1.058584
12/12/2023 16:00,0.428,4.17791,0.42791
12/12/2023 16:15,0.587,4.336675,0.586675
12/12/2023 16:30,1.6,5.349806,1.599806
12/12/2023 16:45,2.764,6.514037,2.764037
12/12/2023 17:00,0.697,0.697435,0.697435
12/12/2023 17:15,1.859,1.858586,1.858586
12/12/2023 17:30,3.34,3.340859,3.340859
12/12/2023 17:45,5.158,5.15766,5.15766
12/12/2023 18:00,0.618,0.618331,0.618331
12/12/2023 18:15,1.941,1.941139,1.941139
12/12/2023 18:30,2.959,2.958928,2.958928
12/12/2023 18:45,3.498,3.497702,3.497702
12/12/2023 19:00,0.714,0.713561,0.713561
12/12/2023 19:15,1.482,1.48199,1.48199
12/12/2023 19:30,2.351,2.351189,2.351189
12/12/2023 19:45,3.156,3.15615,3.15615
12/12/2023 20:00,0.22,0.220743,0.220743
12/12/2023 20:15,1.186,1.185841,1.185841
12/12/2023 20:30,2.423,2.422728,2.422728
12/12/2023 20:45,3.906,3.906072,3.906072
12/12/2023 21:00,0.181,0.180679,0.180679
12/12/2023 21:15,1.57,1.56936,1.56936
12/12/2023 21:30,2.975,2.974216,2.974216
12/12/2023 21:45,4.446,4.445483,4.445483
12/12/2023 22:00,1.122,1.122328,1.122328
12/12/2023 22:15,1.886,1.886133,1.886133
12/12/2023 22:30,3.01,3.009696,3.009696
12/12/2023 22:45,4.149,4.149183,4.149183
12/12/2023 23:00,0.993,0.993226,0.993226
12/12/2023 23:15,2.39,2.39025,2.39025
12/12/2023 23:30,3.548,3.547959,3.547959
12/12/2023 23:45,4.323,4.323269,4.323269
13/12/2023 00:00,1.754,1.753802,1.753802
13/12/2023 00:15,2.711,2.710872,2.710872
13/12/2023 00:30,3.069,3.068709,3.068709
13/12/2023 00:45,3.671,3.671534,3.671534
13/12/2023 01:00,2.063,2.062676,2.062676
13/12/2023 01:15,2.602,2.60244,2.60244
13/12/2023 01:30,3.005,3.004337,3.004337
13/12/2023 01:45,3.372,3.371907,3.371907
13/12/2023 02:00,2.555,2.555443,2.555443
13/12/2023 02:15,2.682,2.682407,2.682407
13/12/2023 02:30,2.807,2.806716,2.806716
13/12/2023 02:45,3.127,3.127553,3.127553
13/12/2023 03:00,3.016,3.016059,3.016059
13/12/2023 03:15,3.327,3.327218,3.327218
13/12/2023 03:30,3.498,3.498302,3.498302
13/12/2023 03:45,3.442,3.442669,3.442669
13/12/2023 04:00,3.399,3.399562,3.399562
13/12/2023 04:15,3.039,3.039105,3.039105
13/12/2023 04:30,2.786,2.786235,2.786235
13/12/2023 04:45,2.611,2.61045,2.61045
13/12/2023 05:00,4.199,4.198937,4.198937
13/12/2023 05:15,3.441,3.441241,3.441241
13/12/2023 05:30,2.137,2.136808,2.136808
13/12/2023 05:45,0.442,0.442184,0.442184
13/12/2023 06:00,6.806,6.806191,6.806191
13/12/2023 06:15,3.898,3.897913,3.897913
13/12/2023 06:30,1.519,1.519403,1.519403
13/12/2023 06:45,-1.484,-1.484909,-1.484909
13/12/2023 07:00,9.234,9.234705,9.234705
13/12/2023 07:15,5.081,5.081277,5.081277
13/12/2023 07:30,0.477,0.477035,0.477035
13/12/2023 07:45,-3.441,-3.441376,-3.441376
13/12/2023 08:00,6.623,6.622654,6.622654
13/12/2023 08:15,3.831,3.830947,3.830947
13/12/2023 08:30,1.659,1.659253,1.659253
13/12/2023 08:45,0.459,0.458818,0.458818
13/12/2023 09:00,-1.308,2.442451,-1.307549
13/12/2023 09:15,-0.521,3.228819,-0.521181
13/12/2023 09:30,0.48,4.229643,0.479643
13/12/2023 09:45,1.606,5.356059,1.606059
13/12/2023 10:00,0.039,5.039386,0.039386
13/12/2023 10:15,1.255,6.255447,1.255447
13/12/2023 10:30,1.52,6.520339,1.520339
13/12/2023 10:45,2.508,7.508334,2.508334
13/12/2023 11:00,6.413,6.412921,6.412921
13/12/2023 11:15,7.348,7.348053,7.348053
13/12/2023 11:30,7.937,7.937263,7.937263
13/12/2023 11:45,8.594,8.593392,8.593392
13/12/2023 12:00,0.04,5.039199,0.039199
13/12/2023 12:15,1.612,6.611648,1.611648
13/12/2023 12:30,2.655,7.654753,2.654753
13/12/2023 12:45,2.907,7.906937,2.906937
13/12/2023 13:00,4.102,9.102066,4.102066
13/12/2023 13:15,1.995,6.995125,1.995125
13/12/2023 13:30,0.975,5.975536,0.975536
13/12/2023 13:45,0.832,5.832024,0.832024
13/12/2023 14:00,7.269,7.268941,7.268941
13/12/2023 14:15,6.648,6.648876,6.648876
13/12/2023 14:30,6.087,6.086425,6.086425
13/12/2023 14:45,4.826,4.825933,4.825933
13/12/2023 15:00,0.938,4.688563,0.938563
13/12/2023 15:15,-0.201,3.548635,-0.201365
13/12/2023 15:30,-1.595,2.15572,-1.59428
13/12/2023 15:45,-2.139,1.611565,-2.138435
13/12/2023 16:00,1.331,1.33089,1.33089
13/12/2023 16:15,1.577,1.577062,1.577062
13/12/2023 16:30,2.822,2.822475,2.822475
13/12/2023 16:45,3.865,3.865011,3.865011
13/12/2023 17:00,-0.309,-0.309214,-0.309214
13/12/2023 17:15,1.16,1.159755,1.159755
13/12/2023 17:30,3.034,3.034374,3.034374
13/12/2023 17:45,5.03,5.029754,5.029754
13/12/2023 18:00,-3.513,0.237082,-3.512918
13/12/2023 18:15,-1.894,1.855236,-1.894764
13/12/2023 18:30,-1.019,2.730763,-1.019237
13/12/2023 18:45,-0.272,3.478549,-0.271451
13/12/2023 19:00,-4.317,0.682811,-4.317189
13/12/2023 19:15,-3.581,1.419002,-3.580998
13/12/2023 19:30,-2.359,2.640716,-2.359284
13/12/2023 19:45,-1.272,3.727384,-1.272616
13/12/2023 20:00,-4.54,0.460249,-4.539751
13/12/2023 20:15,-3.208,1.792164,-3.207836
13/12/2023 20:30,-1.77,3.229775,-1.770225
13/12/2023 20:45,0.075,5.074554,0.074554
13/12/2023 21:00,-3.719,1.281638,-3.718362
13/12/2023 21:15,-2.616,2.384547,-2.615453
13/12/2023 21:30,-0.958,4.042917,-0.957083
13/12/2023 21:45,0.291,5.291036,0.291036
13/12/2023 22:00,-2.723,1.027235,-2.722765
13/12/2023 22:15,-1.812,1.938468,-1.811532
13/12/2023 22:30,-0.917,2.832916,-0.917084
13/12/2023 22:45,0.355,4.10547,0.35547
13/12/2023 23:00,-1.545,0.95556,-1.54444
13/12/2023 23:15,-0.806,1.694114,-0.805886
13/12/2023 23:30,0.352,2.852048,0.352048
13/12/2023 23:45,1.309,3.809104,1.309104
14/12/2023 00:00,1.057,1.057615,1.057615
14/12/2023 00:15,1.632,1.63193,1.63193
14/12/2023 00:30,2.069,2.069929,2.069929
14/12/2023 00:45,2.702,2.702505,2.702505
14/12/2023 01:00,1.1,1.100004,1.100004
14/12/2023 01:15,1.446,1.446115,1.446115
14/12/2023 01:30,1.713,1.712651,1.712651
14/12/2023 01:45,2.096,2.095332,2.095332
14/12/2023 02:00,1.64,1.639128,1.639128
14/12/2023 02:15,1.737,1.737224,1.737224
14/12/2023 02:30,2.126,2.125796,2.125796
14/12/2023 02:45,2.309,2.308957,2.308957
14/12/2023 03:00,2.09,2.089671,2.089671
14/12/2023 03:15,2.226,2.22576,2.22576
14/12/2023 03:30,2.361,2.36088,2.36088
14/12/2023 03:45,2.343,2.34333,2.34333
14/12/2023 04:00,2.332,2.331838,2.331838
14/12/2023 04:15,2.162,2.16127,2.16127
14/12/2023 04:30,1.858,1.857519,1.857519
14/12/2023 04:45,1.374,1.373592,1.373592
14/12/2023 05:00,3.482,3.481626,3.481626
14/12/2023 05:15,2.463,2.46298,2.46298
14/12/2023 05:30,1.174,1.174136,1.174136
14/12/2023 05:45,-0.508,-0.508108,-0.508108
14/12/2023 06:00,5.481,5.481227,5.481227
14/12/2023 06:15,2.168,2.167756,2.167756
14/12/2023 06:30,-0.606,-0.606636,-0.606636
14/12/2023 06:45,-3.414,-3.414017,-3.414017
14/12/2023 07:00,7.397,7.396987,7.396987
14/12/2023 07:15,2.955,2.955683,2.955683
14/12/2023 07:30,-1.465,-1.4655,-1.4655
14/12/2023 07:45,-5.456,-5.456016,-5.456016
14/12/2023 08:00,4.617,4.61625,4.61625
14/12/2023 08:15,1.784,1.784083,1.784083
14/12/2023 08:30,-0.383,-0.383504,-0.383504
14/12/2023 08:45,-1.445,-1.444996,-1.444996
14/12/2023 09:00,-5.234,2.266812,-5.233188
14/12/2023 09:15,-4.388,3.112114,-4.387886
14/12/2023 09:30,-2.189,5.311401,-2.188599
14/12/2023 09:45,0.078,7.578654,0.078654
14/12/2023 10:00,-1.309,6.191009,-1.308991
14/12/2023 10:15,-0.553,6.947176,-0.552824
14/12/2023 10:30,-0.297,7.202791,-0.297209
14/12/2023 10:45,0.538,8.037466,0.537466
14/12/2023 11:00,-2.156,6.594864,-2.155136
14/12/2023 11:15,-0.441,8.308583,-0.441417
14/12/2023 11:30,1.105,9.855678,1.105678
14/12/2023 11:45,2.963,11.713024,2.963024
14/12/2023 12:00,4.413,11.912875,4.412875
14/12/2023 12:15,5.465,12.964176,5.464176
14/12/2023 12:30,5.948,13.448012,5.948012
14/12/2023 12:45,6.112,13.612562,6.112562
14/12/2023 13:00,3.496,12.24614,3.49614
14/12/2023 13:15,1.01,9.760913,1.010913
14/12/2023 13:30,-0.083,8.666958,-0.083042
14/12/2023 13:45,-1.526,7.223431,-1.526569
14/12/2023 14:00,0.827,8.327737,0.827737
14/12/2023 14:15,-0.021,7.478524,-0.021476
14/12/2023 14:30,-0.406,7.094113,-0.405887
14/12/2023 14:45,-1.278,6.222134,-1.277866
14/12/2023 15:00,7.535,7.535107,7.535107
14/12/2023 15:15,5.58,5.580404,5.580404
14/12/2023 15:30,3.703,3.703305,3.703305
14/12/2023 15:45,2.742,2.741956,2.741956
14/12/2023 16:00,-4.197,2.053006,-4.196994
14/12/2023 16:15,-4.573,1.676694,-4.573306
14/12/2023 16:30,-3.97,2.279692,-3.970308
14/12/2023 16:45,-3.082,3.167973,-3.082027
14/12/2023 17:00,-1.337,-1.337454,-1.337454
14/12/2023 17:15,0.211,0.210775,0.210775
14/12/2023 17:30,1.883,1.882888,1.882888
14/12/2023 17:45,3.575,3.574402,3.574402
14/12/2023 18:00,-3.59,-1.090446,-3.590446
14/12/2023 18:15,-2.03,0.470355,-2.029645
14/12/2023 18:30,-1.186,1.314081,-1.185919
14/12/2023 18:45,-0.513,1.986692,-0.513308
14/12/2023 19:00,-3.22,-0.720513,-3.220513
14/12/2023 19:15,-2.778,-0.278158,-2.778158
14/12/2023 19:30,-1.793,0.707021,-1.792979
14/12/2023 19:45,-0.455,2.044633,-0.455367
14/12/2023 20:00,-4.382,-1.88207,-4.38207
14/12/2023 20:15,-2.858,-0.357912,-2.857912
14/12/2023 20:30,-1.427,1.073319,-1.426681
14/12/2023 20:45,0.356,2.855451,0.355451
14/12/2023 21:00,-4.792,-2.292557,-4.792557
14/12/2023 21:15,-2.854,-0.35337,-2.85337
14/12/2023 21:30,-1.261,1.238279,-1.261721
14/12/2023 21:45,-0.094,2.405676,-0.094324
14/12/2023 22:00,-4.49,-1.990293,-4.490293
14/12/2023 22:15,-3.216,-0.715851,-3.215851
14/12/2023 22:30,-1.948,0.551165,-1.948835
14/12/2023 22:45,-0.595,1.90505,-0.59495
14/12/2023 23:00,-3.72,-1.219169,-3.719169
14/12/2023 23:15,-2.421,0.079143,-2.420857
14/12/2023 23:30,-1.36,1.139622,-1.360378
14/12/2023 23:45,-0.613,1.887077,-0.612923
15/12/2023 00:00,0.68,0.680226,0.680226
15/12/2023 00:15,1.546,1.546449,1.546449
15/12/2023 00:30,2.242,2.242112,2.242112
15/12/2023 00:45,2.889,2.888874,2.888874
15/12/2023 01:00,1.577,1.577433,1.577433
15/12/2023 01:15,1.965,1.965249,1.965249
15/12/2023 01:30,2.465,2.465205,2.465205
15/12/2023 01:45,2.843,2.842835,2.842835
15/12/2023 02:00,2.348,2.34836,2.34836
15/12/2023 02:15,2.401,2.400707,2.400707
15/12/2023 02:30,2.574,2.574245,2.574245
15/12/2023 02:45,2.995,2.9951,2.9951
15/12/2023 03:00,2.755,2.754868,2.754868
15/12/2023 03:15,2.761,2.760487,2.760487
15/12/2023 03:30,3.029,3.029182,3.029182
15/12/2023 03:45,3.038,3.037418,3.037418
15/12/2023 04:00,3.411,3.411006,3.411006
15/12/2023 04:15,3.279,3.278401,3.278401
15/12/2023 04:30,3.147,3.146916,3.146916
15/12/2023 04:45,2.967,2.967759,2.967759
15/12/2023 05:00,4.88,4.879209,4.879209
15/12/2023 05:15,4.156,4.155534,4.155534
15/12/2023 05:30,2.853,2.853131,2.853131
15/12/2023 05:45,1.337,1.337225,1.337225
15/12/2023 06:00,7.23,7.230579,7.230579
15/12/2023 06:15,4.372,4.371832,4.371832
15/12/2023 06:30,1.81,1.809355,1.809355
15/12/2023 06:45,-1.007,-1.007595,-1.007595
15/12/2023 07:00,9.744,9.744442,9.744442
15/12/2023 07:15,5.969,5.968513,5.968513
15/12/2023 07:30,1.58,1.580121,1.580121
15/12/2023 07:45,-2.461,-2.460799,-2.460799
15/12/2023 08:00,6.696,6.696454,6.696454
15/12/2023 08:15,4.233,4.233027,4.233027
15/12/2023 08:30,4.429,2.428753,4.428753
15/12/2023 08:45,4.228,1.72776,4.22776
15/12/2023 09:00,7.383,3.632618,7.382618
15/12/2023 09:15,7.501,3.751465,7.501465
15/12/2023 09:30,9.325,5.575219,9.325219
15/12/2023 09:45,10.917,7.166278,10.916278
15/12/2023 10:00,0.936,0.93566,0.93566
15/12/2023 10:15,2.038,2.038309,2.038309
15/12/2023 10:30,3.21,3.210297,3.210297
15/12/2023 10:45,4.36,4.359471,4.359471
15/12/2023 11:00,-0.748,-0.747639,-0.747639
15/12/2023 11:15,-0.43,-0.430077,-0.430077
15/12/2023 11:30,-0.219,-0.218503,-0.218503
15/12/2023 11:45,0.575,0.574684,0.574684
15/12/2023 12:00,-0.134,-2.008599,-0.133599
15/12/2023 12:15,2.362,0.687161,2.362161
15/12/2023 12:30,5.445,3.769579,5.444579
15/12/2023 12:45,7.165,5.489956,7.164956
15/12/2023 13:00,13.303,8.303217,13.303217
15/12/2023 13:15,12.119,7.118475,12.118475
15/12/2023 13:30,11.91,6.909627,11.909627
15/12/2023 13:45,10.275,5.275027,10.275027
15/12/2023 14:00,10.351,10.35063,10.35063
15/12/2023 14:15,9.091,9.091443,9.091443
15/12/2023 14:30,7.643,7.642736,7.642736
15/12/2023 14:45,5.465,5.464775,5.464775
15/12/2023 15:00,7.765,7.765427,7.765427
15/12/2023 15:15,5.511,5.510903,5.510903
15/12/2023 15:30,3.7,3.700463,3.700463
15/12/2023 15:45,2.547,2.547157,2.547157
15/12/2023 16:00,-1.109,1.391256,-1.108744
15/12/2023 16:15,-0.825,1.675438,-0.824562
15/12/2023 16:30,0.035,2.535504,0.035504
15/12/2023 16:45,0.864,3.364157,0.864157
15/12/2023 17:00,-3.179,-0.679585,-3.179585
15/12/2023 17:15,-1.705,0.795306,-1.704694
15/12/2023 17:30,-0.432,2.06724,-0.43276
15/12/2023 17:45,0.79,3.290056,0.790056
15/12/2023 18:00,-3.538,-1.038156,-3.538156
15/12/2023 18:15,-1.962,0.53797,-1.96203
15/12/2023 18:30,-0.942,1.558293,-0.941707
15/12/2023 18:45,-0.057,2.443884,-0.056116
15/12/2023 19:00,-3.518,-1.018244,-3.518244
15/12/2023 19:15,-2.723,-0.223232,-2.723232
15/12/2023 19:30,-1.705,0.794913,-1.705087
15/12/2023 19:45,-0.492,2.008676,-0.491324
15/12/2023 20:00,-4.408,-1.908292,-4.408292
15/12/2023 20:15,-3.19,-0.690375,-3.190375
15/12/2023 20:30,-1.766,0.73396,-1.76604
15/12/2023 20:45,-0.399,2.10029,-0.39971
15/12/2023 21:00,-1.695,-1.694593,-1.694593
15/12/2023 21:15,-0.395,-0.394682,-0.394682
15/12/2023 21:30,1.08,1.080593,1.080593
15/12/2023 21:45,2.249,2.249027,2.249027
15/12/2023 22:00,-1.563,-1.562483,-1.562483
15/12/2023 22:15,-0.439,-0.439287,-0.439287
15/12/2023 22:30,0.711,0.710139,0.710139
15/12/2023 22:45,1.85,1.850447,1.850447
15/12/2023 23:00,-1.753,-1.753162,-1.753162
15/12/2023 23:15,-0.629,-0.629764,-0.629764
15/12/2023 23:30,0.208,0.207942,0.207942
15/12/2023 23:45,1.236,1.236164,1.236164
16/12/2023 00:00,-1.235,-1.235065,-1.235065
16/12/2023 00:15,-0.534,-0.534504,-0.534504
16/12/2023 00:30,0.363,0.363176,0.363176
16/12/2023 00:45,1.043,1.043621,1.043621
16/12/2023 01:00,-1.077,-1.077746,-1.077746
16/12/2023 01:15,-0.784,-0.783983,-0.783983
16/12/2023 01:30,-0.082,-0.081459,-0.081459
16/12/2023 01:45,0.248,0.248114,0.248114
16/12/2023 02:00,-0.834,-0.834025,-0.834025
16/12/2023 02:15,-0.697,-0.697836,-0.697836
16/12/2023 02:30,-0.103,-0.10349,-0.10349
16/12/2023 02:45,0.263,0.263644,0.263644
16/12/2023 03:00,-0.26,-0.260223,-0.260223
16/12/2023 03:15,0.032,0.032124,0.032124
16/12/2023 03:30,0.413,0.413733,0.413733
16/12/2023 03:45,0.495,0.494685,0.494685
16/12/2023 04:00,0.279,0.278945,0.278945
16/12/2023 04:15,-0.085,-0.085004,-0.085004
16/12/2023 04:30,0.29,0.289397,0.289397
16/12/2023 04:45,0.263,0.262462,0.262462
16/12/2023 05:00,0.926,0.926842,0.926842
16/12/2023 05:15,0.383,0.383499,0.383499
16/12/2023 05:30,0.031,0.030914,0.030914
16/12/2023 05:45,-0.822,-0.821235,-0.821235
16/12/2023 06:00,1.853,1.852567,1.852567
16/12/2023 06:15,0.706,0.70592,0.70592
16/12/2023 06:30,-0.472,-0.471557,-0.471557
16/12/2023 06:45,-1.702,-1.702443,-1.702443
16/12/2023 07:00,2.046,2.046136,2.046136
16/12/2023 07:15,1.172,1.171887,1.171887
16/12/2023 07:30,-0.536,-0.535733,-0.535733
16/12/2023 07:45,-2.127,-2.127016,-2.127016
16/12/2023 08:00,1.479,1.479488,1.479488
16/12/2023 08:15,0.329,0.329303,0.329303
16/12/2023 08:30,-0.323,-0.323181,-0.323181
16/12/2023 08:45,-0.265,-0.265245,-0.265245
16/12/2023 09:00,0.195,0.195696,0.195696
16/12/2023 09:15,1.118,1.118075,1.118075
16/12/2023 09:30,1.758,1.758464,1.758464
16/12/2023 09:45,3.041,3.041551,3.041551
16/12/2023 10:00,-0.154,-0.154614,-0.154614
16/12/2023 10:15,-0.715,-0.714632,-0.714632
16/12/2023 10:30,-0.83,-0.829324,-0.829324
16/12/2023 10:45,-1.374,-1.373982,-1.373982
16/12/2023 11:00,-5.453,-5.452746,-5.452746
16/12/2023 11:15,-6.164,-6.16395,-6.16395
16/12/2023 11:30,-6.609,-6.609058,-6.609058
16/12/2023 11:45,-6.573,-6.572955,-6.572955
16/12/2023 12:00,-4.942,-9.941618,-4.941618
16/12/2023 12:15,-4.549,-9.549675,-4.549675
16/12/2023 12:30,-3.94,-8.940081,-3.940081
16/12/2023 12:45,-4.069,-9.069003,-4.069003
16/12/2023 13:00,-1.774,-8.023325,-1.773325
16/12/2023 13:15,-2.388,-8.637947,-2.387947
16/12/2023 13:30,-2.735,-8.984887,-2.734887
16/12/2023 13:45,-2.913,-9.163058,-2.913058
16/12/2023 14:00,-1.449,-3.949118,-1.449118
16/12/2023 14:15,-1.942,-4.441888,-1.941888
16/12/2023 14:30,-2.553,-5.053557,-2.553557
16/12/2023 14:45,-2.724,-5.223756,-2.723756
16/12/2023 15:00,-0.097,-0.096989,-0.096989
16/12/2023 15:15,-0.547,-0.547124,-0.547124
16/12/2023 15:30,-0.974,-0.97481,-0.97481
16/12/2023 15:45,-1.507,-1.507724,-1.507724
16/12/2023 16:00,0.841,0.840829,0.840829
16/12/2023 16:15,0.488,0.48746,0.48746
16/12/2023 16:30,0.087,0.086322,0.086322
16/12/2023 16:45,0.54,0.539973,0.539973
16/12/2023 17:00,-1.121,-1.120835,-1.120835
16/12/2023 17:15,-0.326,-0.326302,-0.326302
16/12/2023 17:30,0.42,0.419297,0.419297
16/12/2023 17:45,1.076,1.075855,1.075855
16/12/2023 18:00,-0.383,-0.383487,-0.383487
16/12/2023 18:15,0.301,0.30188,0.30188
16/12/2023 18:30,0.723,0.722647,0.722647
16/12/2023 18:45,1.411,1.411829,1.411829
16/12/2023 19:00,-0.42,-0.419741,-0.419741
16/12/2023 19:15,0.205,0.204608,0.204608
16/12/2023 19:30,0.901,0.900875,0.900875
16/12/2023 19:45,1.669,1.669486,1.669486
16/12/2023 20:00,-0.865,-0.865552,-0.865552
16/12/2023 20:15,0.06,0.060672,0.060672
16/12/2023 20:30,1.036,1.03607,1.03607
16/12/2023 20:45,1.954,1.95392,1.95392
16/12/2023 21:00,-1.067,-1.066388,-1.066388
16/12/2023 21:15,0.153,0.153305,0.153305
16/12/2023 21:30,1.002,1.001667,1.001667
16/12/2023 21:45,1.779,1.779256,1.779256
16/12/2023 22:00,-1.228,-1.227917,-1.227917
16/12/2023 22:15,-0.665,-0.66487,-0.66487
16/12/2023 22:30,-0.124,-0.123443,-0.123443
16/12/2023 22:45,0.834,0.833831,0.833831
16/12/2023 23:00,-1.598,-1.598052,-1.598052
16/12/2023 23:15,-0.59,-0.590615,-0.590615
16/12/2023 23:30,0.313,0.31329,0.31329
16/12/2023 23:45,1.185,1.184623,1.184623
17/12/2023 00:00,-0.082,-0.081886,-0.081886
17/12/2023 00:15,0.537,0.536929,0.536929
17/12/2023 00:30,1.141,1.141344,1.141344
17/12/2023 00:45,1.643,1.643039,1.643039
17/12/2023 01:00,-0.006,-0.005981,-0.005981
17/12/2023 01:15,0.453,0.452938,0.452938
17/12/2023 01:30,1.256,1.255382,1.255382
17/12/2023 01:45,1.736,1.735266,1.735266
17/12/2023 02:00,1.118,1.118181,1.118181
17/12/2023 02:15,1.058,1.057948,1.057948
17/12/2023 02:30,1.2,1.199829,1.199829
17/12/2023 02:45,1.482,1.482682,1.482682
17/12/2023 03:00,0.759,0.759613,0.759613
17/12/2023 03:15,0.918,0.918468,0.918468
17/12/2023 03:30,1.238,1.238451,1.238451
17/12/2023 03:45,1.425,1.424821,1.424821
17/12/2023 04:00,1.026,1.026299,1.026299
17/12/2023 04:15,1.073,1.073036,1.073036
17/12/2023 04:30,1.492,1.491417,1.491417
17/12/2023 04:45,1.652,1.651645,1.651645
17/12/2023 05:00,1.66,1.659418,1.659418
17/12/2023 05:15,1.186,1.18539,1.18539
17/12/2023 05:30,0.739,0.739508,0.739508
17/12/2023 05:45,0.573,0.573808,0.573808
17/12/2023 06:00,2.341,2.340669,2.340669
17/12/2023 06:15,1.247,1.246239,1.246239
17/12/2023 06:30,0.748,0.74836,0.74836
17/12/2023 06:45,0.192,0.191655,0.191655
17/12/2023 07:00,2.157,2.156602,2.156602
17/12/2023 07:15,1.431,1.430391,1.430391
17/12/2023 07:30,0.678,0.678532,0.678532
17/12/2023 07:45,0.338,0.337222,0.337222
17/12/2023 08:00,2.303,2.303436,2.303436
17/12/2023 08:15,1.737,1.737324,1.737324
17/12/2023 08:30,1.658,1.657517,1.657517
17/12/2023 08:45,1.614,1.614548,1.614548
17/12/2023 09:00,-2.799,0.950251,-2.799749
17/12/2023 09:15,-2.203,1.547904,-2.202096
17/12/2023 09:30,-1.496,2.253449,-1.496551
17/12/2023 09:45,-0.187,3.56311,-0.18689
17/12/2023 10:00,-7.362,-4.861117,-7.361117
17/12/2023 10:15,-6.789,-4.289125,-6.789125
17/12/2023 10:30,-5.507,-3.007262,-5.507262
17/12/2023 10:45,-4.575,-2.075101,-4.575101
17/12/2023 11:00,-10.406,-10.406194,-10.406194
17/12/2023 11:15,-8.748,-8.74761,-8.74761
17/12/2023 11:30,-6.61,-6.610706,-6.610706
17/12/2023 11:45,-4.368,-4.367683,-4.367683
17/12/2023 12:00,1.475,-3.524761,1.475239
17/12/2023 12:15,4.312,-0.687845,4.312155
17/12/2023 12:30,6.996,1.995846,6.995846
17/12/2023 12:45,8.74,3.739641,8.739641
17/12/2023 13:00,17.789,10.289428,17.789428
17/12/2023 13:15,18.711,11.211285,18.711285
17/12/2023 13:30,19.388,11.8878,19.3878
17/12/2023 13:45,19.393,11.892883,19.392883
17/12/2023 14:00,14.754,19.75413,14.75413
17/12/2023 14:15,12.308,17.307887,12.307887
17/12/2023 14:30,8.858,13.858254,8.858254
17/12/2023 14:45,5.25,10.250058,5.250058
17/12/2023 15:00,10.457,15.456192,10.456192
17/12/2023 15:15,5.794,10.794031,5.794031
17/12/2023 15:30,1.447,6.447229,1.447229
17/12/2023 15:45,-2.59,2.410144,-2.589856
17/12/2023 16:00,2.497,4.997106,2.497106
17/12/2023 16:15,-0.027,2.472791,-0.027209
17/12/2023 16:30,-1.228,1.27181,-1.22819
17/12/2023 16:45,-2.128,0.371967,-2.128033
17/12/2023 17:00,0.688,0.688262,0.688262
17/12/2023 17:15,0.62,0.62,0.62
17/12/2023 17:30,0.703,0.702933,0.702933
17/12/2023 17:45,0.602,0.602323,0.602323
17/12/2023 18:00,-0.308,-0.307376,-0.307376
17/12/2023 18:15,-0.263,-0.263238,-0.263238
17/12/2023 18:30,0.017,0.016712,0.016712
17/12/2023 18:45,0.149,0.14927,0.14927
17/12/2023 19:00,-1.171,-1.171385,-1.171385
17/12/2023 19:15,-0.635,-0.63438,-0.63438
17/12/2023 19:30,-0.119,-0.119509,-0.119509
17/12/2023 19:45,0.17,0.16942,0.16942
17/12/2023 20:00,-1.785,-1.784118,-1.784118
17/12/2023 20:15,-0.802,-0.801798,-0.801798
17/12/2023 20:30,-0.38,-0.380286,-0.380286
17/12/2023 20:45,0.678,0.677767,0.677767
17/12/2023 21:00,-1.655,-1.654735,-1.654735
17/12/2023 21:15,-0.975,-0.974584,-0.974584
17/12/2023 21:30,-0.547,-0.547393,-0.547393
17/12/2023 21:45,0.603,0.60336,0.60336
17/12/2023 22:00,-0.938,-0.938483,-0.938483
17/12/2023 22:15,-0.436,-0.436201,-0.436201
17/12/2023 22:30,0.375,0.375058,0.375058
17/12/2023 22:45,1.232,1.232491,1.232491
17/12/2023 23:00,-1.126,-1.125522,-1.125522
17/12/2023 23:15,-0.185,-0.184791,-0.184791
17/12/2023 23:30,0.695,0.694341,0.694341
17/12/2023 23:45,1.332,1.332857,1.332857
18/12/2023 00:00,-0.996,-0.995703,-0.995703
18/12/2023 00:15,-0.727,-0.727665,-0.727665
18/12/2023 00:30,0.019,0.018677,0.018677
18/12/2023 00:45,0.541,0.54011,0.54011
18/12/2023 01:00,-0.833,-0.832535,-0.832535
18/12/2023 01:15,-0.37,-0.369817,-0.369817
18/12/2023 01:30,-0.043,-0.043212,-0.043212
18/12/2023 01:45,0.067,0.067981,0.067981
18/12/2023 02:00,-1.066,-1.066173,-1.066173
18/12/2023 02:15,-1.098,-1.097721,-1.097721
18/12/2023 02:30,-1.058,-1.058585,-1.058585
18/12/2023 02:45,-0.859,-0.85822,-0.85822
18/12/2023 03:00,-1.469,-1.468293,-1.468293
18/12/2023 03:15,-1.22,-1.219799,-1.219799
18/12/2023 03:30,-0.805,-0.805592,-0.805592
18/12/2023 03:45,-0.855,-0.855445,-0.855445
18/12/2023 04:00,-0.363,-0.362742,-0.362742
18/12/2023 04:15,-0.727,-0.727841,-0.727841
18/12/2023 04:30,-0.913,-0.913065,-0.913065
18/12/2023 04:45,-1.153,-1.152933,-1.152933
18/12/2023 05:00,2.439,2.439125,2.439125
18/12/2023 05:15,1.665,1.665614,1.665614
18/12/2023 05:30,0.199,0.198294,0.198294
18/12/2023 05:45,-1.369,-1.369149,-1.369149
18/12/2023 06:00,4.614,4.614351,4.614351
18/12/2023 06:15,1.914,1.914635,1.914635
18/12/2023 06:30,-0.696,-0.695171,-0.695171
18/12/2023 06:45,-3.573,-3.573064,-3.573064
18/12/2023 07:00,5.173,5.1731,5.1731
18/12/2023 07:15,1.257,1.257013,1.257013
18/12/2023 07:30,-2.828,-2.827961,-2.827961
18/12/2023 07:45,-6.953,-6.953075,-6.953075
18/12/2023 08:00,1.982,1.982682,1.982682
18/12/2023 08:15,-0.853,-0.852521,-0.852521
18/12/2023 08:30,-3.255,-3.254433,-3.254433
18/12/2023 08:45,-4.117,-4.116663,-4.116663
18/12/2023 09:00,-5.269,-0.144076,-5.269076
18/12/2023 09:15,-4.472,0.653616,-4.471384
18/12/2023 09:30,-3.232,1.893142,-3.231858
18/12/2023 09:45,-2.126,2.998939,-2.126061
18/12/2023 10:00,-4.43,-0.679492,-4.429492
18/12/2023 10:15,-4.165,-0.414295,-4.164295
18/12/2023 10:30,-3.307,0.443514,-3.306486
18/12/2023 10:45,-2.156,1.593898,-2.156102
18/12/2023 11:00,-8.06,-1.809794,-8.059794
18/12/2023 11:15,-6.927,-0.676465,-6.926465
18/12/2023 11:30,-5.577,0.673591,-5.576409
18/12/2023 11:45,-4.185,2.06476,-4.18524
18/12/2023 12:00,-5.078,-1.328662,-5.078662
18/12/2023 12:15,-3.784,-0.033383,-3.783383
18/12/2023 12:30,-2.882,0.868054,-2.881946
18/12/2023 12:45,-3.084,0.665621,-3.084379
18/12/2023 13:00,-1.603,-1.602681,-1.602681
18/12/2023 13:15,-3.638,-3.637563,-3.637563
18/12/2023 13:30,-5.099,-5.099073,-5.099073
18/12/2023 13:45,-6.315,-6.31534,-6.31534
18/12/2023 14:00,-7.154,-3.403351,-7.153351
18/12/2023 14:15,-7.621,-3.871094,-7.621094
18/12/2023 14:30,-8.309,-4.559071,-8.309071
18/12/2023 14:45,-9.581,-5.831089,-9.581089
18/12/2023 15:00,-1.289,-1.288901,-1.288901
18/12/2023 15:15,-1.861,-1.861241,-1.861241
18/12/2023 15:30,-3.252,-3.25161,-3.25161
18/12/2023 15:45,-4.005,-4.005034,-4.005034
18/12/2023 16:00,-3.106,-3.105925,-3.105925
18/12/2023 16:15,-1.867,-1.866454,-1.866454
18/12/2023 16:30,-0.376,-0.376211,-0.376211
18/12/2023 16:45,0.736,0.736164,0.736164
18/12/2023 17:00,-6.367,-2.616553,-6.366553
18/12/2023 17:15,-4.603,-0.853563,-4.603563
18/12/2023 17:30,-2.904,0.846213,-2.903787
18/12/2023 17:45,-1.246,2.504303,-1.245697
18/12/2023 18:00,-3.799,-1.299059,-3.799059
18/12/2023 18:15,-1.629,0.87022,-1.62978
18/12/2023 18:30,-0.888,1.611795,-0.888205
18/12/2023 18:45,-0.332,2.167224,-0.332776
18/12/2023 19:00,-3.496,-0.996171,-3.496171
18/12/2023 19:15,-2.698,-0.198295,-2.698295
18/12/2023 19:30,-2.309,0.191211,-2.308789
18/12/2023 19:45,-1.08,1.420623,-1.079377
18/12/2023 20:00,-4.203,-1.703141,-4.203141
18/12/2023 20:15,-2.701,-0.200905,-2.700905
18/12/2023 20:30,-1.702,0.797593,-1.702407
18/12/2023 20:45,-0.277,2.223004,-0.276996
18/12/2023 21:00,-0.319,-0.319369,-0.319369
18/12/2023 21:15,1.144,1.144494,1.144494
18/12/2023 21:30,2.298,2.29843,2.29843
18/12/2023 21:45,3.456,3.456137,3.456137
18/12/2023 22:00,-0.382,-0.382359,-0.382359
18/12/2023 22:15,0.102,0.102214,0.102214
18/12/2023 22:30,1.302,1.301613,1.301613
18/12/2023 22:45,2.293,2.293248,2.293248
18/12/2023 23:00,-2.222,-2.221817,-2.221817
18/12/2023 23:15,-1.287,-1.28667,-1.28667
18/12/2023 23:30,-0.371,-0.371832,-0.371832
18/12/2023 23:45,0.392,0.391721,0.391721
19/12/2023 00:00,-0.41,-0.409749,-0.409749
19/12/2023 00:15,0.254,0.253401,0.253401
19/12/2023 00:30,0.887,0.886621,0.886621
19/12/2023 00:45,1.505,1.505624,1.505624
19/12/2023 01:00,0.097,0.096963,0.096963
19/12/2023 01:15,0.387,0.386585,0.386585
19/12/2023 01:30,0.901,0.900832,0.900832
19/12/2023 01:45,1.123,1.122953,1.122953
19/12/2023 02:00,0.319,0.31923,0.31923
19/12/2023 02:15,0.332,0.332081,0.332081
19/12/2023 02:30,0.577,0.577719,0.577719
19/12/2023 02:45,0.84,0.840192,0.840192
19/12/2023 03:00,0.654,0.653514,0.653514
19/12/2023 03:15,0.576,0.575936,0.575936
19/12/2023 03:30,0.846,0.84577,0.84577
19/12/2023 03:45,0.864,0.86401,0.86401
19/12/2023 04:00,0.869,0.868925,0.868925
19/12/2023 04:15,0.619,0.619159,0.619159
19/12/2023 04:30,0.742,0.742003,0.742003
19/12/2023 04:45,0.244,0.243271,0.243271
19/12/2023 05:00,2.934,2.933244,2.933244
19/12/2023 05:15,2.276,2.276095,2.276095
19/12/2023 05:30,0.837,0.837515,0.837515
19/12/2023 05:45,-0.822,-0.821456,-0.821456
19/12/2023 06:00,5.655,5.65554,5.65554
19/12/2023 06:15,2.823,2.822452,2.822452
19/12/2023 06:30,0.118,0.118248,0.118248
19/12/2023 06:45,-2.955,-2.954921,-2.954921
19/12/2023 07:00,7.223,7.222846,7.222846
19/12/2023 07:15,3.159,3.159001,3.159001
19/12/2023 07:30,-1.169,-1.168397,-1.168397
19/12/2023 07:45,-5.004,-5.003802,-5.003802
19/12/2023 08:00,3.76,3.760528,3.760528
19/12/2023 08:15,1.137,1.137242,1.137242
19/12/2023 08:30,-1.624,-1.624188,-1.624188
19/12/2023 08:45,-3.357,-3.357129,-3.357129
19/12/2023 09:00,2.861,-0.888585,2.861415
19/12/2023 09:15,1.878,-1.871957,1.878043
19/12/2023 09:30,2.225,-1.525053,2.224947
19/12/2023 09:45,2.451,-1.29872,2.45128
19/12/2023 10:00,0.129,-3.621281,0.128719
19/12/2023 10:15,-0.555,-4.30447,-0.55447
19/12/2023 10:30,-0.782,-4.532087,-0.782087
19/12/2023 10:45,-0.223,-3.973251,-0.223251
19/12/2023 11:00,-7.796,-7.795805,-7.795805
19/12/2023 11:15,-7.31,-7.310042,-7.310042
19/12/2023 11:30,-6.491,-6.490279,-6.490279
19/12/2023 11:45,-5.859,-5.859339,-5.859339
19/12/2023 12:00,-1.596,-7.845828,-1.595828
19/12/2023 12:15,-0.381,-6.630913,-0.380913
19/12/2023 12:30,0.929,-5.320847,0.929153
19/12/2023 12:45,1.144,-5.106876,1.143124
19/12/2023 13:00,-1.655,-6.654748,-1.654748
19/12/2023 13:15,-3.296,-8.296676,-3.296676
19/12/2023 13:30,-3.503,-8.503042,-3.503042
19/12/2023 13:45,-3.945,-8.944221,-3.944221
19/12/2023 14:00,-6.355,-6.354434,-6.354434
19/12/2023 14:15,-6.649,-6.649196,-6.649196
19/12/2023 14:30,-6.324,-6.3236,-6.3236
19/12/2023 14:45,-6.557,-6.557563,-6.557563
19/12/2023 15:00,1.984,-3.015675,1.984325
19/12/2023 15:15,1.439,-3.560259,1.439741
19/12/2023 15:30,0.699,-4.300585,0.699415
19/12/2023 15:45,0.918,-4.08249,0.91751
19/12/2023 16:00,-3.929,-3.928728,-3.928728
19/12/2023 16:15,-3.342,-3.342578,-3.342578
19/12/2023 16:30,-1.403,-1.402746,-1.402746
19/12/2023 16:45,-0.076,-0.076518,-0.076518
19/12/2023 17:00,-3.321,-3.321318,-3.321318
19/12/2023 17:15,-1.872,-1.871681,-1.871681
19/12/2023 17:30,0.052,0.052302,0.052302
19/12/2023 17:45,1.779,1.778959,1.778959
19/12/2023 18:00,-2.027,-2.026886,-2.026886
19/12/2023 18:15,-0.117,-0.116934,-0.116934
19/12/2023 18:30,0.955,0.955086,0.955086
19/12/2023 18:45,1.667,1.666831,1.666831
19/12/2023 19:00,-1.844,-1.844283,-1.844283
19/12/2023 19:15,-1.341,-1.341822,-1.341822
19/12/2023 19:30,-0.466,-0.465433,-0.465433
19/12/2023 19:45,0.499,0.498662,0.498662
19/12/2023 20:00,-2.83,-2.830222,-2.830222
19/12/2023 20:15,-1.389,-1.388756,-1.388756
19/12/2023 20:30,-0.096,-0.095413,-0.095413
19/12/2023 20:45,1.233,1.23322,1.23322
19/12/2023 21:00,-2.012,-2.012478,-2.012478
19/12/2023 21:15,-0.845,-0.845478,-0.845478
19/12/2023 21:30,0.177,0.176281,0.176281
19/12/2023 21:45,1.363,1.363579,1.363579
19/12/2023 22:00,-2.439,-2.439267,-2.439267
19/12/2023 22:15,-1.518,-1.517727,-1.517727
19/12/2023 22:30,-0.402,-0.402067,-0.402067
19/12/2023 22:45,0.415,0.415152,0.415152
19/12/2023 23:00,-3.166,-3.166091,-3.166091
19/12/2023 23:15,-1.969,-1.968291,-1.968291
19/12/2023 23:30,-0.874,-0.874125,-0.874125
19/12/2023 23:45,0.184,0.184083,0.184083
20/12/2023 00:00,-2.078,-2.078042,-2.078042
20/12/2023 00:15,-1.195,-1.194834,-1.194834
20/12/2023 00:30,-0.447,-0.447052,-0.447052
20/12/2023 00:45,0.227,0.226597,0.226597
20/12/2023 01:00,-1.41,-1.409749,-1.409749
20/12/2023 01:15,-0.909,-0.908597,-0.908597
20/12/2023 01:30,-0.495,-0.495709,-0.495709
20/12/2023 01:45,-0.034,-0.033834,-0.033834
20/12/2023 02:00,-0.688,-0.687428,-0.687428
20/12/2023 02:15,-0.262,-0.262685,-0.262685
20/12/2023 02:30,0.325,0.32485,0.32485
20/12/2023 02:45,0.763,0.762466,0.762466
20/12/2023 03:00,-0.119,-0.118919,-0.118919
20/12/2023 03:15,-0.202,-0.201874,-0.201874
20/12/2023 03:30,0.01,0.009932,0.009932
20/12/2023 03:45,0.275,0.274873,0.274873
20/12/2023 04:00,0.083,0.082272,0.082272
20/12/2023 04:15,-0.158,-0.158059,-0.158059
20/12/2023 04:30,0.087,0.086424,0.086424
20/12/2023 04:45,-0.236,-0.236355,-0.236355
20/12/2023 05:00,1.559,1.559268,1.559268
20/12/2023 05:15,0.811,0.810485,0.810485
20/12/2023 05:30,-0.326,-0.326241,-0.326241
20/12/2023 05:45,-1.925,-1.924415,-1.924415
20/12/2023 06:00,3.996,3.996019,3.996019
20/12/2023 06:15,1.449,1.448848,1.448848
20/12/2023 06:30,-0.825,-0.825165,-0.825165
20/12/2023 06:45,-3.57,-3.570266,-3.570266
20/12/2023 07:00,7.432,7.431845,7.431845
20/12/2023 07:15,3.442,3.442664,3.442664
20/12/2023 07:30,-1.133,-1.132728,-1.132728
20/12/2023 07:45,-5.334,-5.333839,-5.333839
20/12/2023 08:00,4.399,4.398643,4.398643
20/12/2023 08:15,1.75,1.75056,1.75056
20/12/2023 08:30,-0.336,-0.335882,-0.335882
20/12/2023 08:45,-1.395,-1.395066,-1.395066
20/12/2023 09:00,-0.349,-0.34899,-0.34899
20/12/2023 09:15,0.822,0.822161,0.822161
20/12/2023 09:30,2.06,2.059748,2.059748
20/12/2023 09:45,2.944,2.94322,2.94322
20/12/2023 10:00,1.712,-0.788151,1.711849
20/12/2023 10:15,1.863,-0.637344,1.862656
20/12/2023 10:30,2.186,-0.314607,2.185393
20/12/2023 10:45,4.062,1.561544,4.061544
20/12/2023 11:00,4.28,-0.7194,4.2806
20/12/2023 11:15,6,0.9995,5.9995
20/12/2023 11:30,7.333,2.333335,7.333335
20/12/2023 11:45,8.271,3.27135,8.27135
20/12/2023 12:00,9.297,0.547585,9.297585
20/12/2023 12:15,10.459,1.708813,10.458813
20/12/2023 12:30,12.266,3.515199,12.265199
20/12/2023 12:45,11.808,3.058159,11.808159
20/12/2023 13:00,9.413,3.162502,9.412502
20/12/2023 13:15,7.257,1.007148,7.257148
20/12/2023 13:30,6.075,-0.174926,6.075074
20/12/2023 13:45,4.545,-1.705752,4.544248
20/12/2023 14:00,6.702,0.452317,6.702317
20/12/2023 14:15,5.828,-0.421595,5.828405
20/12/2023 14:30,6.187,-0.063518,6.186482
20/12/2023 14:45,5.861,-0.388793,5.861207
20/12/2023 15:00,6.863,4.363194,6.863194
20/12/2023 15:15,4.979,2.479087,4.979087
20/12/2023 15:30,2.655,0.155748,2.655748
20/12/2023 15:45,1.663,-0.836249,1.663751
20/12/2023 16:00,-0.265,-0.265775,-0.265775
20/12/2023 16:15,0.607,0.606283,0.606283
20/12/2023 16:30,1.954,1.953948,1.953948
20/12/2023 16:45,3.161,3.161158,3.161158
20/12/2023 17:00,-0.866,-0.866358,-0.866358
20/12/2023 17:15,0.641,0.641812,0.641812
20/12/2023 17:30,2.746,2.746389,2.746389
20/12/2023 17:45,4.7,4.699616,4.699616
20/12/2023 18:00,0.624,0.62455,0.62455
20/12/2023 18:15,2.408,2.407886,2.407886
20/12/2023 18:30,3.701,3.701331,3.701331
20/12/2023 18:45,5.15,5.14982,5.14982
20/12/2023 19:00,2.331,2.33182,2.33182
20/12/2023 19:15,2.893,2.892503,2.892503
20/12/2023 19:30,4.074,4.074404,4.074404
20/12/2023 19:45,5.334,5.334297,5.334297
20/12/2023 20:00,1.149,1.14903,1.14903
20/12/2023 20:15,2.167,2.166603,2.166603
20/12/2023 20:30,3.671,3.671269,3.671269
20/12/2023 20:45,5.306,5.305827,5.305827
20/12/2023 21:00,0.673,0.673106,0.673106
20/12/2023 21:15,2.041,2.041154,2.041154
20/12/2023 21:30,3.45,3.450091,3.450091
20/12/2023 21:45,4.858,4.858615,4.858615
20/12/2023 22:00,1.676,1.675582,1.675582
20/12/2023 22:15,2.271,2.270908,2.270908
20/12/2023 22:30,3.377,3.377846,3.377846
20/12/2023 22:45,4.298,4.298316,4.298316
20/12/2023 23:00,1.078,1.077359,1.077359
20/12/2023 23:15,2.134,2.133694,2.133694
20/12/2023 23:30,3.116,3.115801,3.115801
20/12/2023 23:45,3.824,3.823481,3.823481
21/12/2023 00:00,0.825,1.324962,0.824962
21/12/2023 00:15,1.277,1.777649,1.277649
21/12/2023 00:30,2.079,2.579032,2.079032
21/12/2023 00:45,2.719,3.218624,2.718624
21/12/2023 01:00,1.912,1.912145,1.912145
21/12/2023 01:15,2.29,2.290348,2.290348
21/12/2023 01:30,2.567,2.567103,2.567103
21/12/2023 01:45,2.773,2.773034,2.773034
21/12/2023 02:00,1.64,1.640036,1.640036
21/12/2023 02:15,2.182,2.181943,2.181943
21/12/2023 02:30,2.258,2.257816,2.257816
21/12/2023 02:45,2.502,2.501734,2.501734
21/12/2023 03:00,1.583,1.582759,1.582759
21/12/2023 03:15,2.064,2.063829,2.063829
21/12/2023 03:30,2.276,2.275376,2.275376
21/12/2023 03:45,2.241,2.24077,2.24077
21/12/2023 04:00,2.164,2.164073,2.164073
21/12/2023 04:15,2.086,2.086151,2.086151
21/12/2023 04:30,2.263,2.262762,2.262762
21/12/2023 04:45,1.852,1.851899,1.851899
21/12/2023 05:00,4.123,4.122958,4.122958
21/12/2023 05:15,3.698,3.697427,3.697427
21/12/2023 05:30,2.928,2.928351,2.928351
21/12/2023 05:45,1.453,1.45307,1.45307
21/12/2023 06:00,8.495,8.495413,8.495413
21/12/2023 06:15,5.721,5.721091,5.721091
21/12/2023 06:30,3.766,3.765544,3.765544
21/12/2023 06:45,0.982,0.982253,0.982253
21/12/2023 07:00,11.49,11.489846,11.489846
21/12/2023 07:15,7.351,7.350731,7.350731
21/12/2023 07:30,3.388,3.387261,3.387261
21/12/2023 07:45,-0.59,-0.58939,-0.58939
21/12/2023 08:00,9.98,9.979767,9.979767
21/12/2023 08:15,7.592,7.592673,7.592673
21/12/2023 08:30,5.398,5.397803,5.397803
21/12/2023 08:45,3.773,3.773259,3.773259
21/12/2023 09:00,6.788,5.037973,6.787973
21/12/2023 09:15,6.626,4.876363,6.626363
21/12/2023 09:30,6.854,5.103371,6.853371
21/12/2023 09:45,7.335,5.584758,7.334758
21/12/2023 10:00,6.041,3.540404,6.040404
21/12/2023 10:15,6.062,3.562303,6.062303
21/12/2023 10:30,5.696,3.195438,5.695438
21/12/2023 10:45,6.059,3.558316,6.058316
21/12/2023 11:00,3.984,1.483693,3.983693
21/12/2023 11:15,5.08,2.580282,5.080282
21/12/2023 11:30,7.224,4.72461,7.22461
21/12/2023 11:45,8.055,5.554999,8.054999
21/12/2023 12:00,10.3,4.049296,10.299296
21/12/2023 12:15,11.842,5.592078,11.842078
21/12/2023 12:30,14.613,8.36299,14.61299
21/12/2023 12:45,16.143,9.892463,16.142463
21/12/2023 13:00,16.148,8.648379,16.148379
21/12/2023 13:15,13.887,6.38783,13.88783
21/12/2023 13:30,13.467,5.967506,13.467506
21/12/2023 13:45,12.733,5.233468,12.733468
21/12/2023 14:00,6.672,6.671672,6.671672
21/12/2023 14:15,7.639,7.639129,7.639129
21/12/2023 14:30,7.113,7.112516,7.112516
21/12/2023 14:45,5.29,5.289572,5.289572
21/12/2023 15:00,10.242,10.242104,10.242104
21/12/2023 15:15,7.977,7.977588,7.977588
21/12/2023 15:30,6.279,6.27883,6.27883
21/12/2023 15:45,5.084,5.084577,5.084577
21/12/2023 16:00,5.978,5.977527,5.977527
21/12/2023 16:15,6.236,6.235877,6.235877
21/12/2023 16:30,7.709,7.70884,7.70884
21/12/2023 16:45,8.51,8.510157,8.510157
21/12/2023 17:00,4.208,4.207861,4.207861
21/12/2023 17:15,5.142,5.141715,5.141715
21/12/2023 17:30,6.649,6.648406,6.648406
21/12/2023 17:45,8.101,8.101066,8.101066
21/12/2023 18:00,3.941,3.941308,3.941308
21/12/2023 18:15,5.076,5.076251,5.076251
21/12/2023 18:30,6.324,6.32455,6.32455
21/12/2023 18:45,7.158,7.158183,7.158183
21/12/2023 19:00,4.809,4.808727,4.808727
21/12/2023 19:15,5.202,5.202816,5.202816
21/12/2023 19:30,5.775,5.775338,5.775338
21/12/2023 19:45,6.598,6.597854,6.597854
21/12/2023 20:00,2.272,2.27223,2.27223
21/12/2023 20:15,3.385,3.385363,3.385363
21/12/2023 20:30,4.738,4.737935,4.737935
21/12/2023 20:45,5.92,5.920325,5.920325
21/12/2023 21:00,0.802,0.801969,0.801969
21/12/2023 21:15,3.025,3.024994,3.024994
21/12/2023 21:30,4.265,4.265164,4.265164
21/12/2023 21:45,4.907,4.906348,4.906348
21/12/2023 22:00,0.683,0.682978,0.682978
21/12/2023 22:15,1.626,1.626769,1.626769
21/12/2023 22:30,2.792,2.79159,2.79159
21/12/2023 22:45,3.786,3.78602,3.78602
21/12/2023 23:00,-0.133,0.116104,-0.133896
21/12/2023 23:15,1.076,1.326711,1.076711
21/12/2023 23:30,2.133,2.383099,2.133099
21/12/2023 23:45,2.924,3.173816,2.923816
22/12/2023 00:00,0.381,0.38125,0.38125
22/12/2023 00:15,1.047,1.046755,1.046755
22/12/2023 00:30,1.52,1.519446,1.519446
22/12/2023 00:45,2.378,2.378626,2.378626
22/12/2023 01:00,0.635,0.634899,0.634899
22/12/2023 01:15,0.902,0.902684,0.902684
22/12/2023 01:30,1.33,1.329916,1.329916
22/12/2023 01:45,1.782,1.781178,1.781178
22/12/2023 02:00,0.933,0.933145,0.933145
22/12/2023 02:15,1.136,1.135802,1.135802
22/12/2023 02:30,1.258,1.258454,1.258454
22/12/2023 02:45,1.081,1.080355,1.080355
22/12/2023 03:00,0.275,0.275123,0.275123
22/12/2023 03:15,0.967,0.967355,0.967355
22/12/2023 03:30,1.304,1.304608,1.304608
22/12/2023 03:45,1.629,1.629363,1.629363
22/12/2023 04:00,1.708,1.708631,1.708631
22/12/2023 04:15,1.373,1.372544,1.372544
22/12/2023 04:30,1.582,1.581777,1.581777
22/12/2023 04:45,1.24,1.239829,1.239829
22/12/2023 05:00,3.388,3.388457,3.388457
22/12/2023 05:15,3.013,3.012877,3.012877
22/12/2023 05:30,1.776,1.776183,1.776183
22/12/2023 05:45,0.176,0.176375,0.176375
22/12/2023 06:00,6.331,6.330321,6.330321
22/12/2023 06:15,3.557,3.556842,3.556842
22/12/2023 06:30,1.087,1.08627,1.08627
22/12/2023 06:45,-0.589,-0.588422,-0.588422
22/12/2023 07:00,10.609,10.608884,10.608884
22/12/2023 07:15,6.637,6.637026,6.637026
22/12/2023 07:30,2.09,2.089964,2.089964
22/12/2023 07:45,-1.064,-1.063913,-1.063913
22/12/2023 08:00,9.571,9.571218,9.571218
22/12/2023 08:15,6.897,6.897504,6.897504
22/12/2023 08:30,4.577,4.577255,4.577255
22/12/2023 08:45,3.678,3.678139,3.678139
22/12/2023 09:00,4.113,4.112397,4.112397
22/12/2023 09:15,4.18,4.180118,4.180118
22/12/2023 09:30,4.956,4.955486,4.955486
22/12/2023 09:45,5.845,5.844772,5.844772
22/12/2023 10:00,5.252,1.501925,5.251925
22/12/2023 10:15,5.798,2.048502,5.798502
22/12/2023 10:30,5.961,2.21132,5.96132
22/12/2023 10:45,6.879,3.129677,6.879677
22/12/2023 11:00,5.515,-0.734575,5.515425
22/12/2023 11:15,6.116,-0.134065,6.115935
22/12/2023 11:30,6.86,0.610647,6.860647
22/12/2023 11:45,8.339,2.089212,8.339212
22/12/2023 12:00,7.68,-0.570602,7.679398
22/12/2023 12:15,9.014,0.763991,9.013991
22/12/2023 12:30,9.555,1.304569,9.554569
22/12/2023 12:45,9.379,1.128599,9.378599
22/12/2023 13:00,7.459,3.083699,7.458699
22/12/2023 13:15,6.994,2.619098,6.994098
22/12/2023 13:30,6.748,2.372584,6.747584
22/12/2023 13:45,6.265,1.890159,6.265159
22/12/2023 14:00,9.997,5.996978,9.996978
22/12/2023 14:15,9.386,5.385319,9.385319
22/12/2023 14:30,9.472,5.471723,9.471723
22/12/2023 14:45,9.269,5.268772,9.268772
22/12/2023 15:00,9.432,9.432098,9.432098
22/12/2023 15:15,8.789,8.788312,8.788312
22/12/2023 15:30,8.118,8.117396,8.117396
22/12/2023 15:45,7.54,7.53981,7.53981
22/12/2023 16:00,9.005,9.004889,9.004889
22/12/2023 16:15,8.667,8.666793,8.666793
22/12/2023 16:30,9.516,9.515477,9.515477
22/12/2023 16:45,10.261,10.260595,10.260595
22/12/2023 17:00,5.219,5.219521,5.219521
22/12/2023 17:15,5.915,5.914808,5.914808
22/12/2023 17:30,6.488,6.488417,6.488417
22/12/2023 17:45,7.393,7.392841,7.392841
22/12/2023 18:00,2.514,2.514617,2.514617
22/12/2023 18:15,3.018,3.01809,3.01809
22/12/2023 18:30,3.953,3.952849,3.952849
22/12/2023 18:45,4.808,4.807603,4.807603
22/12/2023 19:00,1.586,1.586262,1.586262
22/12/2023 19:15,2.328,2.328463,2.328463
22/12/2023 19:30,2.719,2.719598,2.719598
22/12/2023 19:45,4.043,4.042545,4.042545
22/12/2023 20:00,0.103,0.102886,0.102886
22/12/2023 20:15,1.592,1.592463,1.592463
22/12/2023 20:30,3.179,3.179169,3.179169
22/12/2023 20:45,4.533,4.533617,4.533617
22/12/2023 21:00,0.498,0.497818,0.497818
22/12/2023 21:15,1.69,1.690737,1.690737
22/12/2023 21:30,2.896,2.89593,2.89593
22/12/2023 21:45,4.018,4.018844,4.018844
22/12/2023 22:00,1.056,1.056204,1.056204
22/12/2023 22:15,1.848,1.848491,1.848491
22/12/2023 22:30,2.77,2.769992,2.769992
22/12/2023 22:45,3.422,3.421815,3.421815
22/12/2023 23:00,0.211,0.210496,0.210496
22/12/2023 23:15,0.921,0.921669,0.921669
22/12/2023 23:30,1.765,1.765341,1.765341
22/12/2023 23:45,2.515,2.515001,2.515001
23/12/2023 00:00,0.076,0.076292,0.076292
23/12/2023 00:15,0.508,0.507539,0.507539
23/12/2023 00:30,0.785,0.785752,0.785752
23/12/2023 00:45,1.257,1.25664,1.25664
23/12/2023 01:00,0.584,0.583516,0.583516
23/12/2023 01:15,0.787,0.787391,0.787391
23/12/2023 01:30,0.293,0.29289,0.29289
23/12/2023 01:45,0.61,0.610191,0.610191
23/12/2023 02:00,-0.586,-0.585838,-0.585838
23/12/2023 02:15,-0.94,-0.939931,-0.939931
23/12/2023 02:30,-0.672,-0.672073,-0.672073
23/12/2023 02:45,-0.386,-0.385635,-0.385635
23/12/2023 03:00,-1.22,-1.219227,-1.219227
23/12/2023 03:15,-1.113,-1.113197,-1.113197
23/12/2023 03:30,-0.843,-0.843118,-0.843118
23/12/2023 03:45,-0.736,-0.736022,-0.736022
23/12/2023 04:00,-0.718,-0.718211,-0.718211
23/12/2023 04:15,0.205,0.205548,0.205548
23/12/2023 04:30,1.269,1.269845,1.269845
23/12/2023 04:45,1.366,1.36575,1.36575
23/12/2023 05:00,1.579,1.578962,1.578962
23/12/2023 05:15,1.38,1.379603,1.379603
23/12/2023 05:30,1.434,1.434382,1.434382
23/12/2023 05:45,1.001,1.001237,1.001237
23/12/2023 06:00,3.841,3.841626,3.841626
23/12/2023 06:15,2.815,2.81485,2.81485
23/12/2023 06:30,1.845,1.845409,1.845409
23/12/2023 06:45,0.88,0.880741,0.880741
23/12/2023 07:00,4.907,4.906658,4.906658
23/12/2023 07:15,3.73,3.730213,3.730213
23/12/2023 07:30,2.432,2.432409,2.432409
23/12/2023 07:45,1.493,1.4926,1.4926
23/12/2023 08:00,5.094,5.094174,5.094174
23/12/2023 08:15,3.664,3.663911,3.663911
23/12/2023 08:30,2.263,2.262465,2.262465
23/12/2023 08:45,1.199,1.198312,1.198312
23/12/2023 09:00,4.371,0.621788,4.371788
23/12/2023 09:15,3.999,0.24909,3.99909
23/12/2023 09:30,3.947,0.197002,3.947002
23/12/2023 09:45,3.978,0.227668,3.977668
23/12/2023 10:00,-0.593,-0.593145,-0.593145
23/12/2023 10:15,-0.081,-0.080821,-0.080821
23/12/2023 10:30,0.385,0.38539,0.38539
23/12/2023 10:45,0.457,0.456877,0.456877
23/12/2023 11:00,4.538,0.78833,4.53833
23/12/2023 11:15,6.319,2.56913,6.31913
23/12/2023 11:30,7.628,3.878309,7.628309
23/12/2023 11:45,8.767,5.017136,8.767136
23/12/2023 12:00,8.557,4.807241,8.557241
23/12/2023 12:15,9.564,5.814765,9.564765
23/12/2023 12:30,10.316,6.565144,10.315144
23/12/2023 12:45,10.42,6.67025,10.42025
23/12/2023 13:00,11.122,7.372842,11.122842
23/12/2023 13:15,9.857,6.107251,9.857251
23/12/2023 13:30,9.493,5.74272,9.49272
23/12/2023 13:45,9.071,5.320352,9.070352
23/12/2023 14:00,6.862,6.86197,6.86197
23/12/2023 14:15,5.666,5.666045,5.666045
23/12/2023 14:30,4.814,4.813871,4.813871
23/12/2023 14:45,3.636,3.635951,3.635951
23/12/2023 15:00,4.601,4.600669,4.600669
23/12/2023 15:15,3.84,3.840713,3.840713
23/12/2023 15:30,2.469,2.468764,2.468764
23/12/2023 15:45,1.756,1.756401,1.756401
23/12/2023 16:00,2.359,2.359812,2.359812
23/12/2023 16:15,1.616,1.616329,1.616329
23/12/2023 16:30,1.05,1.049792,1.049792
23/12/2023 16:45,1.065,1.064382,1.064382
23/12/2023 17:00,-0.111,-0.111055,-0.111055
23/12/2023 17:15,0.638,0.638136,0.638136
23/12/2023 17:30,0.983,0.982064,0.982064
23/12/2023 17:45,1.437,1.436873,1.436873
23/12/2023 18:00,-0.756,-0.756245,-0.756245
23/12/2023 18:15,0.346,0.345805,0.345805
23/12/2023 18:30,1.079,1.079636,1.079636
23/12/2023 18:45,1.785,1.785018,1.785018
23/12/2023 19:00,-0.129,-0.129117,-0.129117
23/12/2023 19:15,0.442,0.442028,0.442028
23/12/2023 19:30,1.001,1.001034,1.001034
23/12/2023 19:45,1.833,1.832891,1.832891
23/12/2023 20:00,-0.687,-0.687365,-0.687365
23/12/2023 20:15,0.404,0.403736,0.403736
23/12/2023 20:30,1.504,1.504023,1.504023
23/12/2023 20:45,2.383,2.382326,2.382326
23/12/2023 21:00,-0.44,-0.439474,-0.439474
23/12/2023 21:15,0.331,0.330898,0.330898
23/12/2023 21:30,1.228,1.227937,1.227937
23/12/2023 21:45,2.007,2.006912,2.006912
23/12/2023 22:00,-0.182,-0.181845,-0.181845
23/12/2023 22:15,0.317,0.316857,0.316857
23/12/2023 22:30,1.072,1.072492,1.072492
23/12/2023 22:45,1.784,1.783984,1.783984
23/12/2023 23:00,-0.633,-0.632697,-0.632697
23/12/2023 23:15,0.178,0.177757,0.177757
23/12/2023 23:30,0.913,0.912641,0.912641
23/12/2023 23:45,1.74,1.739367,1.739367
24/12/2023 00:00,-0.796,-0.796547,-0.796547
24/12/2023 00:15,0.017,0.017181,0.017181
24/12/2023 00:30,0.911,0.910916,0.910916
24/12/2023 00:45,1.397,1.396362,1.396362
24/12/2023 01:00,-0.267,-0.266996,-0.266996
24/12/2023 01:15,0.141,0.140585,0.140585
24/12/2023 01:30,0.469,0.468392,0.468392
24/12/2023 01:45,0.791,0.790579,0.790579
24/12/2023 02:00,-0.395,-0.39504,-0.39504
24/12/2023 02:15,-0.362,-0.362774,-0.362774
24/12/2023 02:30,0.043,0.043125,0.043125
24/12/2023 02:45,0.335,0.334532,0.334532
24/12/2023 03:00,-0.071,-0.071152,-0.071152
24/12/2023 03:15,0.147,0.14734,0.14734
24/12/2023 03:30,0.571,0.571098,0.571098
24/12/2023 03:45,0.693,0.693144,0.693144
24/12/2023 04:00,-0.059,-0.058723,-0.058723
24/12/2023 04:15,-0.161,-0.161402,-0.161402
24/12/2023 04:30,-0.014,-0.014347,-0.014347
24/12/2023 04:45,0.131,0.13098,0.13098
24/12/2023 05:00,0.148,0.1474,0.1474
24/12/2023 05:15,-0.073,-0.073653,-0.073653
24/12/2023 05:30,-0.474,-0.473615,-0.473615
24/12/2023 05:45,-0.901,-0.900884,-0.900884
24/12/2023 06:00,0.908,0.908005,0.908005
24/12/2023 06:15,0.015,0.015921,0.015921
24/12/2023 06:30,-0.604,-0.603759,-0.603759
24/12/2023 06:45,-1.245,-1.244268,-1.244268
24/12/2023 07:00,0.633,0.633478,0.633478
24/12/2023 07:15,-0.096,-0.096877,-0.096877
24/12/2023 07:30,-0.676,-0.676163,-0.676163
24/12/2023 07:45,-1.207,-1.206154,-1.206154
24/12/2023 08:00,0.542,0.541387,0.541387
24/12/2023 08:15,0.016,0.015407,0.015407
24/12/2023 08:30,-0.355,-0.354456,-0.354456
24/12/2023 08:45,-0.597,-0.59745,-0.59745
24/12/2023 09:00,2.754,0.253445,2.753445
24/12/2023 09:15,3.468,0.968326,3.468326
24/12/2023 09:30,3.943,1.442786,3.942786
24/12/2023 09:45,4.51,2.009999,4.509999
24/12/2023 10:00,4.854,1.104635,4.854635
24/12/2023 10:15,5.153,1.402869,5.152869
24/12/2023 10:30,5.313,1.562881,5.312881
24/12/2023 10:45,4.576,0.825867,4.575867
24/12/2023 11:00,0.53,0.529544,0.529544
24/12/2023 11:15,0.13,0.130689,0.130689
24/12/2023 11:30,0.009,0.0088,0.0088
24/12/2023 11:45,-0.111,-0.111078,-0.111078
24/12/2023 12:00,0.192,0.192138,0.192138
24/12/2023 12:15,-0.483,-0.482887,-0.482887
24/12/2023 12:30,-0.683,-0.68263,-0.68263
24/12/2023 12:45,-1.055,-1.054963,-1.054963
24/12/2023 13:00,3.537,-0.21298,3.53702
24/12/2023 13:15,3.113,-0.637013,3.112987
24/12/2023 13:30,2.649,-1.100342,2.649658
24/12/2023 13:45,2.438,-1.312087,2.437913
24/12/2023 14:00,3.037,-0.713241,3.036759
24/12/2023 14:15,2.95,-0.799998,2.950002
24/12/2023 14:30,3.074,-0.675342,3.074658
24/12/2023 14:45,2.876,-0.874381,2.875619
24/12/2023 15:00,5.068,1.317661,5.067661
24/12/2023 15:15,4.717,0.967335,4.717335
24/12/2023 15:30,4.159,0.409084,4.159084
24/12/2023 15:45,4.179,0.428166,4.178166
24/12/2023 16:00,2.943,2.943617,2.943617
24/12/2023 16:15,2.765,2.764936,2.764936
24/12/2023 16:30,2.612,2.611793,2.611793
24/12/2023 16:45,2.512,2.512139,2.512139
24/12/2023 17:00,3.399,3.399731,3.399731
24/12/2023 17:15,3.961,3.960049,3.960049
24/12/2023 17:30,4.214,4.213427,4.213427
24/12/2023 17:45,4.513,4.513339,4.513339
24/12/2023 18:00,4.133,4.133559,4.133559
24/12/2023 18:15,4.527,4.526875,4.526875
24/12/2023 18:30,5.278,5.278158,5.278158
24/12/2023 18:45,5.681,5.680738,5.680738
24/12/2023 19:00,4.842,4.84239,4.84239
24/12/2023 19:15,5.257,5.256981,5.256981
24/12/2023 19:30,5.543,5.542349,5.542349
24/12/2023 19:45,6.247,6.247365,6.247365
24/12/2023 20:00,4.118,4.117983,4.117983
24/12/2023 20:15,4.827,4.82686,4.82686
24/12/2023 20:30,5.391,5.391557,5.391557
24/12/2023 20:45,6.035,6.034919,6.034919
24/12/2023 21:00,3.341,3.340808,3.340808
24/12/2023 21:15,3.82,3.819367,3.819367
24/12/2023 21:30,4.498,4.498036,4.498036
24/12/2023 21:45,5.014,5.013751,5.013751
24/12/2023 22:00,2.636,2.635763,2.635763
24/12/2023 22:15,3.138,3.137965,3.137965
24/12/2023 22:30,3.623,3.622597,3.622597
24/12/2023 22:45,4.018,4.01786,4.01786
24/12/2023 23:00,1.616,1.616622,1.616622
24/12/2023 23:15,1.965,1.964903,1.964903
24/12/2023 23:30,2.582,2.582241,2.582241
24/12/2023 23:45,3.281,3.281045,3.281045
25/12/2023 00:00,-2.218,-2.21768,-2.21768
25/12/2023 00:15,-1.677,-1.677648,-1.677648
25/12/2023 00:30,-1.022,-1.022258,-1.022258
25/12/2023 00:45,-0.505,-0.505049,-0.505049
25/12/2023 01:00,-1.643,-1.642389,-1.642389
25/12/2023 01:15,-1.426,-1.425354,-1.425354
25/12/2023 01:30,-0.94,-0.93991,-0.93991
25/12/2023 01:45,-0.597,-0.596741,-0.596741
25/12/2023 02:00,-1.464,-1.464853,-1.464853
25/12/2023 02:15,-1.358,-1.35735,-1.35735
25/12/2023 02:30,-1.237,-1.236363,-1.236363
25/12/2023 02:45,-1.295,-1.295123,-1.295123
25/12/2023 03:00,-2.291,-2.291094,-2.291094
25/12/2023 03:15,-2.313,-2.312306,-2.312306
25/12/2023 03:30,-1.827,-1.827013,-1.827013
25/12/2023 03:45,-1.957,-1.957446,-1.957446
25/12/2023 04:00,-1.986,-1.985733,-1.985733
25/12/2023 04:15,-1.978,-1.978472,-1.978472
25/12/2023 04:30,-1.82,-1.819928,-1.819928
25/12/2023 04:45,-1.68,-1.679502,-1.679502
25/12/2023 05:00,-1.078,-1.078248,-1.078248
25/12/2023 05:15,-1.412,-1.412087,-1.412087
25/12/2023 05:30,-1.814,-1.814289,-1.814289
25/12/2023 05:45,-2.431,-2.430268,-2.430268
25/12/2023 06:00,-1.18,-1.180679,-1.180679
25/12/2023 06:15,-2.142,-2.142231,-2.142231
25/12/2023 06:30,-3.243,-3.243284,-3.243284
25/12/2023 06:45,-4.019,-4.019546,-4.019546
25/12/2023 07:00,-2.553,-2.553194,-2.553194
25/12/2023 07:15,-3.575,-3.57564,-3.57564
25/12/2023 07:30,-4.449,-4.449017,-4.449017
25/12/2023 07:45,-4.829,-4.828924,-4.828924
25/12/2023 08:00,-3.811,-3.81054,-3.81054
25/12/2023 08:15,-4.669,-4.669697,-4.669697
25/12/2023 08:30,-5.179,-5.178905,-5.178905
25/12/2023 08:45,-5.262,-5.262098,-5.262098
25/12/2023 09:00,-3.606,-6.106542,-3.606542
25/12/2023 09:15,-2.635,-5.135471,-2.635471
25/12/2023 09:30,-1.382,-3.881431,-1.381431
25/12/2023 09:45,0.098,-2.401887,0.098113
25/12/2023 10:00,-2.835,-5.284785,-2.834785
25/12/2023 10:15,-1.786,-4.236831,-1.786831
25/12/2023 10:30,-0.205,-2.654286,-0.204286
25/12/2023 10:45,1.075,-1.375524,1.074476
25/12/2023 11:00,4.109,-3.391119,4.108881
25/12/2023 11:15,4.123,-3.376333,4.123667
25/12/2023 11:30,4.273,-3.227176,4.272824
25/12/2023 11:45,5.308,-2.192571,5.307429
25/12/2023 12:00,6.363,0.113426,6.363426
25/12/2023 12:15,6.548,0.297353,6.547353
25/12/2023 12:30,7.486,1.236814,7.486814
25/12/2023 12:45,8.036,1.785521,8.035521
25/12/2023 13:00,9.367,6.867364,9.367364
25/12/2023 13:15,8.501,6.000741,8.500741
25/12/2023 13:30,8.334,5.833851,8.333851
25/12/2023 13:45,7.668,5.167834,7.667834
25/12/2023 14:00,13.056,9.305887,13.055887
25/12/2023 14:15,10.966,7.216555,10.966555
25/12/2023 14:30,9.617,5.86697,9.61697
25/12/2023 14:45,8.374,4.62334,8.37334
25/12/2023 15:00,10.422,5.422681,10.422681
25/12/2023 15:15,8.777,3.776381,8.776381
25/12/2023 15:30,6.605,1.604923,6.604923
25/12/2023 15:45,5.173,0.172832,5.172832
25/12/2023 16:00,-1.357,1.1427,-1.3573
25/12/2023 16:15,-2.034,0.465588,-2.034412
25/12/2023 16:30,-2.728,-0.227893,-2.727893
25/12/2023 16:45,-3.209,-0.709675,-3.209675
25/12/2023 17:00,-2.935,-0.435242,-2.935242
25/12/2023 17:15,-2.731,-0.230618,-2.730618
25/12/2023 17:30,-2.828,-0.327697,-2.827697
25/12/2023 17:45,-2.628,-0.128374,-2.628374
25/12/2023 18:00,-4.504,-0.754338,-4.504338
25/12/2023 18:15,-4.382,-0.63156,-4.38156
25/12/2023 18:30,-4.06,-0.309802,-4.059802
25/12/2023 18:45,-3.425,0.325347,-3.424653
25/12/2023 19:00,-5.08,-1.329739,-5.079739
25/12/2023 19:15,-4.345,-0.59491,-4.34491
25/12/2023 19:30,-3.796,-0.045935,-3.795935
25/12/2023 19:45,-3.259,0.491685,-3.258315
25/12/2023 20:00,-4.36,-1.85995,-4.35995
25/12/2023 20:15,-3.727,-1.226815,-3.726815
25/12/2023 20:30,-2.558,-0.058048,-2.558048
25/12/2023 20:45,-2.38,0.119997,-2.380003
25/12/2023 21:00,-5.85,-3.35012,-5.85012
25/12/2023 21:15,-5.548,-3.048122,-5.548122
25/12/2023 21:30,-4.857,-2.356297,-4.856297
25/12/2023 21:45,-4.232,-1.732243,-4.232243
25/12/2023 22:00,-7.815,-4.065577,-7.815577
25/12/2023 22:15,-7.526,-3.775652,-7.525652
25/12/2023 22:30,-7.12,-3.36983,-7.11983
25/12/2023 22:45,-6.588,-2.837916,-6.587916
25/12/2023 23:00,-8.552,-4.80131,-8.55131
25/12/2023 23:15,-8.038,-4.287418,-8.037418
25/12/2023 23:30,-7.379,-3.62991,-7.37991
25/12/2023 23:45,-6.452,-2.701471,-6.451471
26/12/2023 00:00,-0.725,-0.724158,-0.724158
26/12/2023 00:15,0.243,0.242998,0.242998
26/12/2023 00:30,1.55,1.550775,1.550775
26/12/2023 00:45,2.534,2.534171,2.534171
26/12/2023 01:00,0.59,0.589793,0.589793
26/12/2023 01:15,0.87,0.870519,0.870519
26/12/2023 01:30,1.142,1.141471,1.141471
26/12/2023 01:45,1.478,1.478067,1.478067
26/12/2023 02:00,0.304,0.304162,0.304162
26/12/2023 02:15,0.161,0.160822,0.160822
26/12/2023 02:30,0.707,0.706425,0.706425
26/12/2023 02:45,0.669,0.669023,0.669023
26/12/2023 03:00,0.563,0.562133,0.562133
26/12/2023 03:15,0.81,0.80937,0.80937
26/12/2023 03:30,1.184,1.18475,1.18475
26/12/2023 03:45,1.281,1.281806,1.281806
26/12/2023 04:00,1.286,1.285566,1.285566
26/12/2023 04:15,1.039,1.038581,1.038581
26/12/2023 04:30,1.29,1.290464,1.290464
26/12/2023 04:45,1.185,1.185005,1.185005
26/12/2023 05:00,0.801,0.80112,0.80112
26/12/2023 05:15,0.034,0.03362,0.03362
26/12/2023 05:30,-0.44,-0.440118,-0.440118
26/12/2023 05:45,-1.034,-1.034873,-1.034873
26/12/2023 06:00,0.015,0.01538,0.01538
26/12/2023 06:15,-0.888,-0.887493,-0.887493
26/12/2023 06:30,-1.902,-1.902167,-1.902167
26/12/2023 06:45,-2.581,-2.581522,-2.581522
26/12/2023 07:00,-0.986,-0.986084,-0.986084
26/12/2023 07:15,-1.891,-1.891063,-1.891063
26/12/2023 07:30,-2.768,-2.768014,-2.768014
26/12/2023 07:45,-3.595,-3.594348,-3.594348
26/12/2023 08:00,-1.883,-1.883002,-1.883002
26/12/2023 08:15,-2.372,-2.371711,-2.371711
26/12/2023 08:30,-2.315,-2.315752,-2.315752
26/12/2023 08:45,-1.714,-1.713802,-1.713802
26/12/2023 09:00,-1.503,-1.503209,-1.503209
26/12/2023 09:15,0.582,0.582773,0.582773
26/12/2023 09:30,2.922,2.921989,2.921989
26/12/2023 09:45,5.694,5.693284,5.693284
26/12/2023 10:00,-0.123,-0.122965,-0.122965
26/12/2023 10:15,2.246,2.246662,2.246662
26/12/2023 10:30,5.69,5.689889,5.689889
26/12/2023 10:45,10.733,10.733331,10.733331
26/12/2023 11:00,5.592,5.592019,5.592019
26/12/2023 11:15,8.834,8.833665,8.833665
26/12/2023 11:30,9.047,9.046021,9.046021
26/12/2023 11:45,8.156,8.156139,8.156139
26/12/2023 12:00,9.567,2.066317,9.566317
26/12/2023 12:15,7.297,-0.202987,7.297013
26/12/2023 12:30,3.287,-4.213501,3.286499
26/12/2023 12:45,-1.093,-8.592962,-1.092962
26/12/2023 13:00,1.741,-8.258494,1.741506
26/12/2023 13:15,0.227,-9.773092,0.226908
26/12/2023 13:30,-1.266,-11.266111,-1.266111
26/12/2023 13:45,-2.533,-12.533282,-2.533282
26/12/2023 14:00,4.232,-5.768037,4.231963
26/12/2023 14:15,2.464,-7.535989,2.464011
26/12/2023 14:30,0.523,-9.477428,0.522572
26/12/2023 14:45,-0.856,-10.855219,-0.855219
26/12/2023 15:00,4.142,-0.607864,4.142136
26/12/2023 15:15,2.095,-2.655495,2.094505
26/12/2023 15:30,0.097,-4.652924,0.097076
26/12/2023 15:45,-0.955,-5.704767,-0.954767
26/12/2023 16:00,6.029,2.278843,6.028843
26/12/2023 16:15,4.901,1.151279,4.901279
26/12/2023 16:30,3.765,0.015292,3.765292
26/12/2023 16:45,3.094,-0.655457,3.094543
26/12/2023 17:00,1.351,1.35062,1.35062
26/12/2023 17:15,1.59,1.590713,1.590713
26/12/2023 17:30,1.239,1.239343,1.239343
26/12/2023 17:45,1.318,1.317502,1.317502
26/12/2023 18:00,1.32,1.319212,1.319212
26/12/2023 18:15,1.327,1.327477,1.327477
26/12/2023 18:30,1.683,1.683176,1.683176
26/12/2023 18:45,2.207,2.206713,2.206713
26/12/2023 19:00,1.048,1.048087,1.048087
26/12/2023 19:15,1.274,1.274068,1.274068
26/12/2023 19:30,1.623,1.622198,1.622198
26/12/2023 19:45,2.292,2.291699,2.291699
26/12/2023 20:00,-0.052,-0.051604,-0.051604
26/12/2023 20:15,0.298,0.297728,0.297728
26/12/2023 20:30,0.851,0.850701,0.850701
26/12/2023 20:45,1.529,1.5292,1.5292
26/12/2023 21:00,-1.021,-1.02133,-1.02133
26/12/2023 21:15,-0.842,-0.84173,-0.84173
26/12/2023 21:30,-0.417,-0.416738,-0.416738
26/12/2023 21:45,0.078,0.078265,0.078265
26/12/2023 22:00,-2.53,-2.529927,-2.529927
26/12/2023 22:15,-2.382,-2.381693,-2.381693
26/12/2023 22:30,-1.991,-1.991124,-1.991124
26/12/2023 22:45,-0.972,-0.972696,-0.972696
26/12/2023 23:00,-3.296,-3.296911,-3.296911
26/12/2023 23:15,-2.727,-2.726811,-2.726811
26/12/2023 23:30,-2.11,-2.109464,-2.109464
26/12/2023 23:45,-1.341,-1.340698,-1.340698
27/12/2023 00:00,1.287,1.287554,1.287554
27/12/2023 00:15,1.616,1.61601,1.61601
27/12/2023 00:30,1.918,1.91756,1.91756
27/12/2023 00:45,2.395,2.394552,2.394552
27/12/2023 01:00,0.782,0.782502,0.782502
27/12/2023 01:15,0.946,0.946697,0.946697
27/12/2023 01:30,1.455,1.454535,1.454535
27/12/2023 01:45,1.862,1.861919,1.861919
27/12/2023 02:00,0.489,0.488752,0.488752
27/12/2023 02:15,0.466,0.465924,0.465924
27/12/2023 02:30,0.777,0.776826,0.776826
27/12/2023 02:45,0.897,0.897814,0.897814
27/12/2023 03:00,0.043,0.043004,0.043004
27/12/2023 03:15,0.05,0.050606,0.050606
27/12/2023 03:30,0.343,0.342302,0.342302
27/12/2023 03:45,0.255,0.254827,0.254827
27/12/2023 04:00,0.401,0.401312,0.401312
27/12/2023 04:15,0.341,0.341153,0.341153
27/12/2023 04:30,0.396,0.396138,0.396138
27/12/2023 04:45,0.056,0.055776,0.055776
27/12/2023 05:00,1.091,1.090931,1.090931
27/12/2023 05:15,0.693,0.692554,0.692554
27/12/2023 05:30,0.021,0.020952,0.020952
27/12/2023 05:45,-0.943,-0.942667,-0.942667
27/12/2023 06:00,1.592,1.592302,1.592302
27/12/2023 06:15,-0.174,-0.173206,-0.173206
27/12/2023 06:30,-1.407,-1.407212,-1.407212
27/12/2023 06:45,-3.194,-3.194101,-3.194101
27/12/2023 07:00,2.535,2.534941,2.534941
27/12/2023 07:15,0.699,0.699091,0.699091
27/12/2023 07:30,-1.848,-1.848004,-1.848004
27/12/2023 07:45,-4.58,-4.579377,-4.579377
27/12/2023 08:00,1.162,1.162148,1.162148
27/12/2023 08:15,-1.084,-1.083609,-1.083609
27/12/2023 08:30,-2.967,-2.966818,-2.966818
27/12/2023 08:45,-4.113,-4.113196,-4.113196
27/12/2023 09:00,-4.442,-1.442153,-4.442153
27/12/2023 09:15,-4.307,-1.307626,-4.307626
27/12/2023 09:30,-3.944,-0.944354,-3.944354
27/12/2023 09:45,-3.539,-0.539068,-3.539068
27/12/2023 10:00,-5.481,-1.730769,-5.480769
27/12/2023 10:15,-4.934,-1.183977,-4.933977
27/12/2023 10:30,-5.042,-1.291351,-5.041351
27/12/2023 10:45,-3.955,-0.204796,-3.954796
27/12/2023 11:00,-1.885,-1.884468,-1.884468
27/12/2023 11:15,-1.288,-1.287901,-1.287901
27/12/2023 11:30,-1.44,-1.43986,-1.43986
27/12/2023 11:45,-0.972,-0.971914,-0.971914
27/12/2023 12:00,-2.671,-2.670644,-2.670644
27/12/2023 12:15,-2.58,-2.580553,-2.580553
27/12/2023 12:30,-2.292,-2.292119,-2.292119
27/12/2023 12:45,-1.731,-1.731071,-1.731071
27/12/2023 13:00,-2.953,-2.952229,-2.952229
27/12/2023 13:15,-3.074,-3.074103,-3.074103
27/12/2023 13:30,-2.893,-2.893121,-2.893121
27/12/2023 13:45,-2.941,-2.941351,-2.941351
27/12/2023 14:00,1.283,-1.217196,1.282804
27/12/2023 14:15,0.973,-1.52679,0.97321
27/12/2023 14:30,1.318,-1.1814,1.3186
27/12/2023 14:45,1.305,-1.19473,1.30527
27/12/2023 15:00,4.908,1.15767,4.90767
27/12/2023 15:15,3.962,0.211174,3.961174
27/12/2023 15:30,2.867,-0.88301,2.86699
27/12/2023 15:45,2.001,-1.748643,2.001357
27/12/2023 16:00,-1.889,-1.889256,-1.889256
27/12/2023 16:15,-2.373,-2.373047,-2.373047
27/12/2023 16:30,-1.962,-1.962218,-1.962218
27/12/2023 16:45,-1.718,-1.717388,-1.717388
27/12/2023 17:00,-3.282,-3.281739,-3.281739
27/12/2023 17:15,-2.128,-2.12881,-2.12881
27/12/2023 17:30,-0.468,-0.468516,-0.468516
27/12/2023 17:45,0.775,0.775682,0.775682
27/12/2023 18:00,-1.374,-1.623919,-1.373919
27/12/2023 18:15,0.137,-0.112742,0.137258
27/12/2023 18:30,1.027,0.77737,1.02737
27/12/2023 18:45,1.748,1.498269,1.748269
27/12/2023 19:00,-1.543,-1.543049,-1.543049
27/12/2023 19:15,-0.602,-0.601931,-0.601931
27/12/2023 19:30,0.515,0.515598,0.515598
27/12/2023 19:45,1.955,1.95468,1.95468
27/12/2023 20:00,-1.001,-1.001207,-1.001207
27/12/2023 20:15,0.15,0.149779,0.149779
27/12/2023 20:30,1.287,1.286879,1.286879
27/12/2023 20:45,2.476,2.47619,2.47619
27/12/2023 21:00,-0.52,-0.519849,-0.519849
27/12/2023 21:15,0.502,0.501338,0.501338
27/12/2023 21:30,1.593,1.593122,1.593122
27/12/2023 21:45,2.645,2.645233,2.645233
27/12/2023 22:00,0.005,0.004786,0.004786
27/12/2023 22:15,0.741,0.741601,0.741601
27/12/2023 22:30,1.932,1.931181,1.931181
27/12/2023 22:45,2.793,2.792753,2.792753
27/12/2023 23:00,-0.353,-0.352391,-0.352391
27/12/2023 23:15,0.648,0.648176,0.648176
27/12/2023 23:30,1.235,1.234434,1.234434
27/12/2023 23:45,2.339,2.338981,2.338981
28/12/2023 00:00,-0.085,-0.085144,-0.085144
28/12/2023 00:15,0.427,0.426813,0.426813
28/12/2023 00:30,1.126,1.126692,1.126692
28/12/2023 00:45,1.693,1.69322,1.69322
28/12/2023 01:00,0.486,0.48529,0.48529
28/12/2023 01:15,0.518,0.518672,0.518672
28/12/2023 01:30,1.291,1.291331,1.291331
28/12/2023 01:45,1.628,1.62873,1.62873
28/12/2023 02:00,0.722,0.722615,0.722615
28/12/2023 02:15,0.57,0.569859,0.569859
28/12/2023 02:30,0.985,0.984553,0.984553
28/12/2023 02:45,1.676,1.675981,1.675981
28/12/2023 03:00,1.288,1.287962,1.287962
28/12/2023 03:15,1.681,1.680277,1.680277
28/12/2023 03:30,1.727,1.727318,1.727318
28/12/2023 03:45,1.802,1.802345,1.802345
28/12/2023 04:00,1.125,1.12474,1.12474
28/12/2023 04:15,0.989,0.988612,0.988612
28/12/2023 04:30,1.066,1.065911,1.065911
28/12/2023 04:45,0.828,0.827498,0.827498
28/12/2023 05:00,1.241,1.240995,1.240995
28/12/2023 05:15,0.674,0.673769,0.673769
28/12/2023 05:30,-0.188,-0.187621,-0.187621
28/12/2023 05:45,-1.078,-1.078115,-1.078115
28/12/2023 06:00,1.077,1.076828,1.076828
28/12/2023 06:15,-0.911,-0.910701,-0.910701
28/12/2023 06:30,-2.468,-2.467047,-2.467047
28/12/2023 06:45,-4.223,-4.222197,-4.222197
28/12/2023 07:00,0.145,0.144919,0.144919
28/12/2023 07:15,-2.088,-2.087915,-2.087915
28/12/2023 07:30,-4.528,-4.528017,-4.528017
28/12/2023 07:45,-6.987,-6.987316,-6.987316
28/12/2023 08:00,-3.061,-3.0609,-3.0609
28/12/2023 08:15,-5.141,-5.140605,-5.140605
28/12/2023 08:30,-6.689,-6.688916,-6.688916
28/12/2023 08:45,-7.664,-7.663521,-7.663521
28/12/2023 09:00,-4.455,-4.455245,-4.455245
28/12/2023 09:15,-2.359,-2.358891,-2.358891
28/12/2023 09:30,-0.966,-0.965774,-0.965774
28/12/2023 09:45,0.168,0.168908,0.168908
28/12/2023 10:00,-6.011,-2.260641,-6.010641
28/12/2023 10:15,-4.657,-0.907734,-4.657734
28/12/2023 10:30,-3.406,0.344332,-3.405668
28/12/2023 10:45,-2.058,1.691563,-2.058437
28/12/2023 11:00,-7.434,-3.684711,-7.434711
28/12/2023 11:15,-5.845,-2.095269,-5.845269
28/12/2023 11:30,-4.409,-0.658499,-4.408499
28/12/2023 11:45,-3.062,0.687187,-3.062813
28/12/2023 12:00,1.299,-3.701242,1.298758
28/12/2023 12:15,1.092,-3.908117,1.091883
28/12/2023 12:30,0.951,-4.048781,0.951219
28/12/2023 12:45,1.417,-3.582383,1.417617
28/12/2023 13:00,-1.39,-3.890533,-1.390533
28/12/2023 13:15,-3.664,-6.164,-3.664
28/12/2023 13:30,-5.15,-7.650004,-5.150004
28/12/2023 13:45,-6.524,-9.024559,-6.524559
28/12/2023 14:00,-6.393,-3.892524,-6.392524
28/12/2023 14:15,-7.564,-5.064746,-7.564746
28/12/2023 14:30,-8.651,-6.150908,-8.650908
28/12/2023 14:45,-9.516,-7.015741,-9.515741
28/12/2023 15:00,-8.19,-1.940181,-8.190181
28/12/2023 15:15,-9.599,-3.349344,-9.599344
28/12/2023 15:30,-11.817,-5.566733,-11.816733
28/12/2023 15:45,-13.491,-7.240706,-13.490706
28/12/2023 16:00,-9.718,-5.967573,-9.717573
28/12/2023 16:15,-10.647,-6.897107,-10.647107
28/12/2023 16:30,-10.746,-6.995863,-10.745863
28/12/2023 16:45,-10.492,-6.741815,-10.491815
28/12/2023 17:00,-7.415,-7.414436,-7.414436
28/12/2023 17:15,-6.528,-6.528403,-6.528403
28/12/2023 17:30,-5.636,-5.63573,-5.63573
28/12/2023 17:45,-4.063,-4.062759,-4.062759
28/12/2023 18:00,-4.755,-4.754579,-4.754579
28/12/2023 18:15,-3.581,-3.581006,-3.581006
28/12/2023 18:30,-2.653,-2.652839,-2.652839
28/12/2023 18:45,-2.106,-2.105312,-2.105312
28/12/2023 19:00,-4.922,-4.922459,-4.922459
28/12/2023 19:15,-4.181,-4.180715,-4.180715
28/12/2023 19:30,-3.578,-3.578046,-3.578046
28/12/2023 19:45,-2.375,-2.374282,-2.374282
28/12/2023 20:00,-5.289,-5.288814,-5.288814
28/12/2023 20:15,-4.486,-4.486074,-4.486074
28/12/2023 20:30,-3.031,-3.03111,-3.03111
28/12/2023 20:45,-1.742,-1.7423,-1.7423
28/12/2023 21:00,-4.331,-4.331147,-4.331147
28/12/2023 21:15,-2.858,-2.858383,-2.858383
28/12/2023 21:30,-1.655,-1.655241,-1.655241
28/12/2023 21:45,-1.069,-1.068996,-1.068996
28/12/2023 22:00,-3.573,-3.573337,-3.573337
28/12/2023 22:15,-2.665,-2.664375,-2.664375
28/12/2023 22:30,-1.556,-1.555543,-1.555543
28/12/2023 22:45,-0.603,-0.60294,-0.60294
28/12/2023 23:00,-3.565,-3.564457,-3.564457
28/12/2023 23:15,-2.962,-2.961893,-2.961893
28/12/2023 23:30,-2.075,-2.075181,-2.075181
28/12/2023 23:45,-1.132,-1.13258,-1.13258
29/12/2023 00:00,3.165,3.165087,3.165087
29/12/2023 00:15,3.553,3.552954,3.552954
29/12/2023 00:30,4.027,4.026726,4.026726
29/12/2023 00:45,4.545,4.545494,4.545494
29/12/2023 01:00,2.17,2.170142,2.170142
29/12/2023 01:15,2.87,2.870813,2.870813
29/12/2023 01:30,3.477,3.47771,3.47771
29/12/2023 01:45,3.648,3.647933,3.647933
29/12/2023 02:00,2.808,2.807488,2.807488
29/12/2023 02:15,2.96,2.959557,2.959557
29/12/2023 02:30,3.068,3.067765,3.067765
29/12/2023 02:45,3.162,3.162192,3.162192
29/12/2023 03:00,1.898,1.897768,1.897768
29/12/2023 03:15,2.071,2.071355,2.071355
29/12/2023 03:30,2.502,2.501785,2.501785
29/12/2023 03:45,2.721,2.720852,2.720852
29/12/2023 04:00,2.364,2.363981,2.363981
29/12/2023 04:15,2.347,2.347212,2.347212
29/12/2023 04:30,2.435,2.435536,2.435536
29/12/2023 04:45,1.936,1.935678,1.935678
29/12/2023 05:00,4.202,1.70295,4.20295
29/12/2023 05:15,3.354,0.853888,3.353888
29/12/2023 05:30,2.864,0.364223,2.864223
29/12/2023 05:45,1.909,-0.591028,1.908972
29/12/2023 06:00,5.623,1.873573,5.623573
29/12/2023 06:15,3.966,0.216555,3.966555
29/12/2023 06:30,2.388,-1.361526,2.388474
29/12/2023 06:45,1.023,-2.727174,1.022826
29/12/2023 07:00,5.491,0.490366,5.490366
29/12/2023 07:15,3.33,-1.670427,3.329573
29/12/2023 07:30,0.923,-4.077519,0.922481
29/12/2023 07:45,-1.276,-6.275406,-1.275406
29/12/2023 08:00,4.624,-2.875452,4.624548
29/12/2023 08:15,2.842,-4.658344,2.841656
29/12/2023 08:30,1.254,-6.246207,1.253793
29/12/2023 08:45,0.5,-6.99942,0.50058
29/12/2023 09:00,0.894,-5.581498,0.893502
29/12/2023 09:15,1.076,-5.399169,1.075831
29/12/2023 09:30,1.767,-4.708519,1.766481
29/12/2023 09:45,3.182,-3.292945,3.182055
29/12/2023 10:00,2.342,-3.907315,2.342685
29/12/2023 10:15,3.425,-2.824755,3.425245
29/12/2023 10:30,4.75,-1.499875,4.750125
29/12/2023 10:45,6.108,-0.142275,6.107725
29/12/2023 11:00,3.076,-3.173376,3.076624
29/12/2023 11:15,4.879,-1.370778,4.879222
29/12/2023 11:30,6.781,0.530471,6.780471
29/12/2023 11:45,7.947,1.697101,7.947101
29/12/2023 12:00,5.427,-0.822573,5.427427
29/12/2023 12:15,7.471,1.220636,7.470636
29/12/2023 12:30,7.598,1.348218,7.598218
29/12/2023 12:45,7.253,1.002819,7.252819
29/12/2023 13:00,4.53,2.029586,4.529586
29/12/2023 13:15,3.461,0.960682,3.460682
29/12/2023 13:30,2.477,-0.022595,2.477405
29/12/2023 13:45,0.666,-1.833672,0.666328
29/12/2023 14:00,2.947,0.446503,2.946503
29/12/2023 14:15,1.428,-1.072067,1.427933
29/12/2023 14:30,-0.194,-2.694368,-0.194368
29/12/2023 14:45,-2.056,-4.555953,-2.055953
29/12/2023 15:00,0.522,-0.103385,0.521615
29/12/2023 15:15,-1.247,-1.872074,-1.247074
29/12/2023 15:30,-2.257,-2.882523,-2.257523
29/12/2023 15:45,-3.158,-3.782532,-3.157532
29/12/2023 16:00,-2.607,-2.606774,-2.606774
29/12/2023 16:15,-4.187,-4.18653,-4.18653
29/12/2023 16:30,-4.802,-4.80191,-4.80191
29/12/2023 16:45,-4.967,-4.966599,-4.966599
29/12/2023 17:00,-2.697,-5.196881,-2.696881
29/12/2023 17:15,-2.325,-4.825403,-2.325403
29/12/2023 17:30,-1.904,-4.403803,-1.903803
29/12/2023 17:45,-1.487,-3.986737,-1.486737
29/12/2023 18:00,-5.274,-5.274388,-5.274388
29/12/2023 18:15,-4.374,-4.373587,-4.373587
29/12/2023 18:30,-3.903,-3.90323,-3.90323
29/12/2023 18:45,-3.34,-3.340016,-3.340016
29/12/2023 19:00,-4.852,-4.852062,-4.852062
29/12/2023 19:15,-4.264,-4.264084,-4.264084
29/12/2023 19:30,-3.469,-3.468775,-3.468775
29/12/2023 19:45,-2.111,-2.111134,-2.111134
29/12/2023 20:00,-4.826,-4.825894,-4.825894
29/12/2023 20:15,-3.85,-3.849387,-3.849387
29/12/2023 20:30,-2.586,-2.586118,-2.586118
29/12/2023 20:45,-1.085,-1.085334,-1.085334
29/12/2023 21:00,-3.576,-3.576253,-3.576253
29/12/2023 21:15,-2.351,-2.351157,-2.351157
29/12/2023 21:30,-1.211,-1.211203,-1.211203
29/12/2023 21:45,0.354,0.353858,0.353858
29/12/2023 22:00,-0.789,-0.789209,-0.789209
29/12/2023 22:15,0.226,0.225868,0.225868
29/12/2023 22:30,1.462,1.462542,1.462542
29/12/2023 22:45,2.365,2.364961,2.364961
29/12/2023 23:00,-0.552,-0.551755,-0.551755
29/12/2023 23:15,0.011,0.010114,0.010114
29/12/2023 23:30,0.804,0.804173,0.804173
29/12/2023 23:45,1.652,1.652497,1.652497
30/12/2023 00:00,1.689,1.689144,1.689144
30/12/2023 00:15,1.906,1.905926,1.905926
30/12/2023 00:30,2.533,2.533171,2.533171
30/12/2023 00:45,3.214,3.214106,3.214106
30/12/2023 01:00,1.483,1.483348,1.483348
30/12/2023 01:15,1.845,1.845443,1.845443
30/12/2023 01:30,2.352,2.351948,2.351948
30/12/2023 01:45,2.751,2.750521,2.750521
30/12/2023 02:00,1.843,1.843103,1.843103
30/12/2023 02:15,2.031,2.031487,2.031487
30/12/2023 02:30,2.172,2.172219,2.172219
30/12/2023 02:45,2.089,2.089078,2.089078
30/12/2023 03:00,2.012,2.01225,2.01225
30/12/2023 03:15,1.921,1.920951,1.920951
30/12/2023 03:30,1.939,1.939387,1.939387
30/12/2023 03:45,1.985,1.985181,1.985181
30/12/2023 04:00,1.489,1.488674,1.488674
30/12/2023 04:15,1.282,1.282032,1.282032
30/12/2023 04:30,1.436,1.436184,1.436184
30/12/2023 04:45,1.466,1.465634,1.465634
30/12/2023 05:00,1.524,1.52434,1.52434
30/12/2023 05:15,1.231,1.230852,1.230852
30/12/2023 05:30,0.865,0.864739,0.864739
30/12/2023 05:45,0.097,0.097694,0.097694
30/12/2023 06:00,1.819,1.818514,1.818514
30/12/2023 06:15,0.514,0.513808,0.513808
30/12/2023 06:30,-0.608,-0.607671,-0.607671
30/12/2023 06:45,-1.762,-1.762565,-1.762565
30/12/2023 07:00,1.418,1.417278,1.417278
30/12/2023 07:15,0.263,0.262664,0.262664
30/12/2023 07:30,-1.184,-1.18386,-1.18386
30/12/2023 07:45,-2.453,-2.452194,-2.452194
30/12/2023 08:00,0.73,1.730235,0.730235
30/12/2023 08:15,-0.343,0.657233,-0.342767
30/12/2023 08:30,-1.152,-0.152038,-1.152038
30/12/2023 08:45,-3.308,-0.707344,-3.307344
30/12/2023 09:00,-2.802,2.19823,-2.80177
30/12/2023 09:15,-1.47,3.529813,-1.470187
30/12/2023 09:30,0.515,5.515356,0.515356
30/12/2023 09:45,2.97,7.970001,2.970001
30/12/2023 10:00,-2.022,4.228025,-2.021975
30/12/2023 10:15,0.005,6.254559,0.004559
30/12/2023 10:30,1.701,7.951388,1.701388
30/12/2023 10:45,3.803,10.05219,3.80219
30/12/2023 11:00,-1.262,1.238314,-1.261686
30/12/2023 11:15,-0.261,2.23805,-0.26195
30/12/2023 11:30,-0.096,2.404037,-0.095963
30/12/2023 11:45,0.958,3.458086,0.958086
30/12/2023 12:00,-0.808,-0.807775,-0.807775
30/12/2023 12:15,-1.059,-1.059188,-1.059188
30/12/2023 12:30,-0.456,-0.455811,-0.455811
30/12/2023 12:45,-0.157,-0.157151,-0.157151
30/12/2023 13:00,8.484,2.233744,8.483744
30/12/2023 13:15,7.937,1.686917,7.936917
30/12/2023 13:30,7.275,1.024641,7.274641
30/12/2023 13:45,6.317,0.066574,6.316574
30/12/2023 14:00,9.197,5.446208,9.196208
30/12/2023 14:15,7.389,3.639136,7.389136
30/12/2023 14:30,5.084,1.333195,5.083195
30/12/2023 14:45,3.055,-0.695125,3.054875
30/12/2023 15:00,0.032,6.281773,0.031773
30/12/2023 15:15,-1.561,4.689065,-1.560935
30/12/2023 15:30,-3.483,2.767418,-3.482582
30/12/2023 15:45,-6.664,-0.414047,-6.664047
30/12/2023 16:00,-3.617,2.632697,-3.617303
30/12/2023 16:15,-5.017,1.233148,-5.016852
30/12/2023 16:30,-5.623,0.62681,-5.62319
30/12/2023 16:45,-6.081,0.168502,-6.081498
30/12/2023 17:00,-3.155,-0.655712,-3.155712
30/12/2023 17:15,-2.662,-0.162297,-2.662297
30/12/2023 17:30,-2.324,0.176122,-2.323878
30/12/2023 17:45,-1.714,0.785642,-1.714358
30/12/2023 18:00,-3.74,-1.240428,-3.740428
30/12/2023 18:15,-3.064,-0.564275,-3.064275
30/12/2023 18:30,-2.064,0.435832,-2.064168
30/12/2023 18:45,-1.276,1.224188,-1.275812
30/12/2023 19:00,-3.417,-0.917033,-3.417033
30/12/2023 19:15,-3.025,-0.525148,-3.025148
30/12/2023 19:30,-2.26,0.240198,-2.259802
30/12/2023 19:45,-1.456,1.043454,-1.456546
30/12/2023 20:00,-1.443,-1.442726,-1.442726
30/12/2023 20:15,-0.53,-0.529295,-0.529295
30/12/2023 20:30,0.48,0.480278,0.480278
30/12/2023 20:45,1.418,1.418347,1.418347
30/12/2023 21:00,-1.065,-1.064564,-1.064564
30/12/2023 21:15,-0.236,-0.235537,-0.235537
30/12/2023 21:30,0.655,0.655132,0.655132
30/12/2023 21:45,1.514,1.514237,1.514237
30/12/2023 22:00,-0.728,-0.727853,-0.727853
30/12/2023 22:15,-0.029,-0.028568,-0.028568
30/12/2023 22:30,0.517,0.517436,0.517436
30/12/2023 22:45,1.326,1.32585,1.32585
30/12/2023 23:00,-1.003,-1.002653,-1.002653
30/12/2023 23:15,-0.013,-0.013238,-0.013238
30/12/2023 23:30,0.989,0.989475,0.989475
30/12/2023 23:45,1.911,1.911395,1.911395
31/12/2023 00:00,0.08,0.08061,0.08061
31/12/2023 00:15,0.768,0.768105,0.768105
31/12/2023 00:30,1.514,1.51426,1.51426
31/12/2023 00:45,1.908,1.908235,1.908235
31/12/2023 01:00,0.221,0.220888,0.220888
31/12/2023 01:15,0.498,0.498761,0.498761
31/12/2023 01:30,0.944,0.943788,0.943788
31/12/2023 01:45,1.331,1.330624,1.330624
31/12/2023 02:00,0.068,0.067777,0.067777
31/12/2023 02:15,0.513,0.512174,0.512174
31/12/2023 02:30,0.798,0.798475,0.798475
31/12/2023 02:45,0.974,0.973606,0.973606
31/12/2023 03:00,-0.139,-0.138441,-0.138441
31/12/2023 03:15,0.14,0.140641,0.140641
31/12/2023 03:30,0.371,0.370278,0.370278
31/12/2023 03:45,0.275,0.275062,0.275062
31/12/2023 04:00,0.058,0.058153,0.058153
31/12/2023 04:15,0.087,0.08654,0.08654
31/12/2023 04:30,0.254,0.253994,0.253994
31/12/2023 04:45,0.421,0.421087,0.421087
31/12/2023 05:00,0.813,0.812818,0.812818
31/12/2023 05:15,0.385,0.385611,0.385611
31/12/2023 05:30,0.083,0.082473,0.082473
31/12/2023 05:45,-0.135,-0.134667,-0.134667
31/12/2023 06:00,1.117,1.116941,1.116941
31/12/2023 06:15,0.619,0.619679,0.619679
31/12/2023 06:30,0.144,0.143535,0.143535
31/12/2023 06:45,-0.338,-0.338438,-0.338438
31/12/2023 07:00,1.685,1.685046,1.685046
31/12/2023 07:15,1.021,1.020562,1.020562
31/12/2023 07:30,0.402,0.402385,0.402385
31/12/2023 07:45,-0.241,-0.241258,-0.241258
31/12/2023 08:00,0.985,0.984541,0.984541
31/12/2023 08:15,0.439,0.439375,0.439375
31/12/2023 08:30,-0.218,-0.218569,-0.218569
31/12/2023 08:45,-0.235,-0.235231,-0.235231
31/12/2023 09:00,1.807,-0.692703,1.807297
31/12/2023 09:15,2.531,0.030216,2.530216
31/12/2023 09:30,3.568,1.06827,3.56827
31/12/2023 09:45,4.121,1.621665,4.121665
31/12/2023 10:00,4.564,0.814068,4.564068
31/12/2023 10:15,5.671,1.921675,5.671675
31/12/2023 10:30,6.755,3.005739,6.755739
31/12/2023 10:45,7.459,3.709315,7.459315
31/12/2023 11:00,-3.247,1.752749,-3.247251
31/12/2023 11:15,-2.618,2.38168,-2.61832
31/12/2023 11:30,-1.495,3.504679,-1.495321
31/12/2023 11:45,-1.827,3.172511,-1.827489
31/12/2023 12:00,1.056,-3.943322,1.056678
31/12/2023 12:15,1.996,-3.004027,1.995973
31/12/2023 12:30,3.925,-1.074776,3.925224
31/12/2023 12:45,7.878,2.87813,7.87813
31/12/2023 13:00,15.844,-1.656653,15.843347
31/12/2023 13:15,14.699,-2.800493,14.699507
31/12/2023 13:30,14.354,-3.145739,14.354261
31/12/2023 13:45,13.204,-4.296021,13.203979
31/12/2023 14:00,10.786,-2.963606,10.786394
31/12/2023 14:15,8.828,-4.922283,8.827717
31/12/2023 14:30,8.539,-5.210834,8.539166
31/12/2023 14:45,6.384,-7.366363,6.383637
31/12/2023 15:00,2.306,2.306096,2.306096
31/12/2023 15:15,-0.025,-0.025115,-0.025115
31/12/2023 15:30,-2.235,-2.234376,-2.234376
31/12/2023 15:45,-3.989,-3.989623,-3.989623
31/12/2023 16:00,0.653,4.403223,0.653223
31/12/2023 16:15,-0.503,3.247364,-0.502636
31/12/2023 16:30,-1.014,2.736435,-1.013565
31/12/2023 16:45,-1.574,2.17512,-1.57488
31/12/2023 17:00,0.996,2.245691,0.995691
31/12/2023 17:15,1.455,2.70537,1.45537
31/12/2023 17:30,1.505,2.754828,1.504828
31/12/2023 17:45,1.618,2.86888,1.61888
31/12/2023 18:00,0.282,1.531888,0.281888
31/12/2023 18:15,0.738,1.988319,0.738319
31/12/2023 18:30,1.073,2.322259,1.072259
31/12/2023 18:45,1.816,3.065744,1.815744
31/12/2023 19:00,0.581,1.830609,0.580609
31/12/2023 19:15,0.894,2.14388,0.89388
31/12/2023 19:30,1.506,2.755718,1.505718
31/12/2023 19:45,2.274,3.523981,2.273981
31/12/2023 20:00,0.483,1.73318,0.48318
31/12/2023 20:15,1.062,2.31123,1.06123
31/12/2023 20:30,1.843,3.092938,1.842938
31/12/2023 20:45,2.647,3.896598,2.646598
31/12/2023 21:00,0.677,1.927051,0.677051
31/12/2023 21:15,1.188,2.438733,1.188733
31/12/2023 21:30,1.333,2.583067,1.333067
31/12/2023 21:45,2.043,3.292829,2.042829
31/12/2023 22:00,0.206,1.455888,0.205888
31/12/2023 22:15,0.27,1.519484,0.269484
31/12/2023 22:30,0.405,1.654386,0.404386
31/12/2023 22:45,0.786,2.035905,0.785905
31/12/2023 23:00,0.186,0.185908,0.185908
31/12/2023 23:15,0.535,0.535535,0.535535
31/12/2023 23:30,0.9,0.900117,0.900117
31/12/2023 23:45,1.345,1.345577,1.345577
